,,,,,,Fantasy,,Rank,Trends,Ret,Tackles,,,,,Misc,,Turnovers,,,TD
,Defensive Players,,Roster Status,GP*,Bye,Fan Pts ,O-Rank,Actual,% Rostered,TD,Tack Solo,Tack Ast,TFL,Sack,Safe,Pass Def,Blk Kick,Int,Fum Force,Fum Rec,TD
,No new player Notes Devin White TB - LB Thu 8:20 pm vs Dal,,FA,17,9,302.01,1452,1452,90%,0,118,58.2,14,7,1.2,11.6,0,1.2,3.5,2.3,0
,Player Note Darius Leonard Ind - LB Sun 1:00 pm vs Sea ,,FA,17,14,289.28,1507,1507,87%,0,113,63.7,11.2,4.5,1.1,12.3,0,2.2,2.2,2.2,0
,No new player Notes Isaiah Simmons Ari - LB Sun 1:00 pm @Ten,,FA,17,12,266.58,1418,1418,68%,0,99.1,22.2,17.6,8.8,0,8.8,0,3.3,3.3,2.2,0
,No new player Notes Roquan Smith Chi - LB Q Sun 8:20 pm @LAR ,,FA,17,10,251.63,1525,1525,73%,0,103,48.6,11.4,5.2,0,9.3,0,2.1,0,1,0
,No new player Notes Budda Baker Ari - S Sun 1:00 pm @Ten,,FA,17,12,250.67,1743,1743,78%,0,109,38.5,11,2.2,1.1,8.3,0,3.3,1.1,1.1,0
,No new player Notes Patrick Queen Bal - LB Mon 8:15 pm @LV ,,FA,17,8,249.82,1404,1404,67%,0,90.5,55.9,11.2,4.5,0,12.3,0,2.2,3.4,1.1,0
,No new player Notes Blake Martinez NYG - LB Q Sun 4:25 pm vs Den,,FA,17,10,243.35,1585,1585,65%,0,95.2,67,9.4,4.2,0,10.5,0,1,2.1,0,0
,No new player Notes Fred Warner SF - LB Sun 1:00 pm @Det ,,FA,17,6,236.49,1482,1482,69%,0,101,40.9,5.5,2.2,0,9.9,0,3.3,1.1,1.1,0
,No new player Notes Eric Kendricks Min - LB Sun 1:00 pm @Cin,,FA,17,7,229.68,1544,1544,48%,0,88.4,51.8,6.5,2.2,0,11.9,0,3.2,1.1,1.1,0
,No new player Notes Bobby Wagner Sea - LB Sun 1:00 pm @Ind ,,FA,17,9,223.78,1470,1470,72%,0,93.4,66.2,9.9,3.3,0,6.6,0,1.1,0,1.1,0
,No new player Notes Zach Cunningham Hou - LB Sun 1:00 pm vs Jax ,,FA,17,10,223.7,1548,1548,64%,0,107,46.6,7.1,2,0,7.1,0,0,1,1,0
,No new player Notes Jordan Poyer Buf - S Sun 1:00 pm vs Pit,,FA,17,7,222.6,1807,1807,60%,0,90.9,32.2,5.8,2.3,0,6.5,0,5.8,2.3,1.2,0
,No new player Notes Cole Holcomb Was - LB Sun 1:00 pm vs LAC,,FA,17,9,221.23,1458,1458,36%,0,103,33.3,9.4,3.1,0,7.3,0,0,2.1,1,0
,No new player Notes Lavonte David TB - LB Thu 8:20 pm vs Dal,,FA,17,9,217.62,1519,1519,61%,0,98.9,50,4.7,3.5,0,3.5,0,1.2,3.5,1.2,0
,Player Note Jessie Bates III Cin - S Sun 1:00 pm vs Min,,FA,17,10,215.15,1757,1757,42%,0,81.1,34.3,5.2,0,0,13.7,0,5.2,1,1,0
,No new player Notes Jaylon Smith Dal - LB Thu 8:20 pm @TB,,FA,17,7,214.57,1475,1475,51%,0,88.9,55.6,10,2.2,0,6.7,0,1.1,2.2,2.2,0
,No new player Notes Jordan Hicks Ari - LB Sun 1:00 pm @Ten,,FA,17,12,212.56,1547,1547,34%,0,93.6,51.8,5.5,1.1,0,7.7,0,2.2,0,1.1,0
,No new player Notes Derwin James Jr. LAC - S Sun 1:00 pm @Was,,FA,17,7,211.93,1678,1678,46%,0,80.7,39.3,5.5,2.2,0,10.3,0,4.4,1.1,1.1,0
,No new player Notes Deion Jones Atl - LB Sun 1:00 pm vs Phi ,,FA,17,6,209.28,1490,1490,43%,0,86.5,50.8,7.6,2.2,0,6.5,0,3.2,0,1.1,0
,No new player Notes Marlon Humphrey Bal - CB Mon 8:15 pm @LV ,,FA,17,8,207.33,1159,1159,46%,0,71.5,14.5,5.6,2.2,0,13.4,0,4.5,5.6,2.2,0
,New Player Note Jamal Adams Sea - S Sun 1:00 pm @Ind ,,FA,17,9,206.73,1782,1782,61%,0,75.8,34.1,13.2,8.8,0,5.2,0,1.1,2.2,1.1,0
,No new player Notes Antoine Winfield Jr. TB - S Thu 8:20 pm vs Dal,,FA,17,9,201.92,1722,1722,47%,0,80.3,30.3,5.8,2.3,0,7,0,4.7,1.2,2.3,0
,No new player Notes Matt Milano Buf - LB Q Sun 1:00 pm vs Pit,,FA,17,7,201.41,1497,1497,24%,0,85.2,50.6,5.8,2.3,0,4.6,0,3.5,0,1.2,0
,No new player Notes Kenneth Murray LAC - LB Q Sun 1:00 pm @Was,,FA,17,7,199.64,1414,1414,23%,0,84,53.5,4.4,2.2,0,7.6,0,2.2,0,0,0
,No new player Notes Foye Oluokun Atl - LB Sun 1:00 pm vs Phi ,,FA,17,6,199,1460,1460,32%,0,85.4,53,5.4,2.2,0,4.3,0,2.2,2.2,1.1,0
,,,,,,Fantasy,,Rank,Trends,Ret,Tackles,,,,,Misc,,Turnovers,,,TD
,Defensive Players,,Roster Status,GP*,Bye,Fan Pts ,O-Rank,Actual,% Rostered,TD,Tack Solo,Tack Ast,TFL,Sack,Safe,Pass Def,Blk Kick,Int,Fum Force,Fum Rec,TD
,No new player Notes C.J. Mosley NYJ - LB Sun 1:00 pm @Car,,FA,17,6,197.98,1097,1097,27%,0,92.6,38.1,5.1,2.1,0,5.1,0,1,1,2.1,0
,No new player Notes Tremaine Edmunds Buf - LB Sun 1:00 pm vs Pit,,FA,17,7,196.81,1489,1489,41%,0,94.4,57.6,4.6,2.3,0,2.3,0,1.2,0,0,0
,No new player Notes Donovan Wilson Dal - S Thu 8:20 pm @TB,,FA,17,7,196.53,1718,1718,34%,0,83.4,40,5.6,4.4,0,3.3,0,2.3,2.2,1.1,0
,No new player Notes Myles Garrett Cle - DE Q Sun 4:25 pm @KC,,FA,17,13,194.69,394,394,72%,0,47.7,12.2,21.1,17.7,1.1,2.1,0,1.1,3.3,2.2,0
,No new player Notes Malcolm Butler Ari - CB Sun 1:00 pm @Ten,,FA,17,12,194.08,1157,1157,37%,0,71.6,14.3,5.5,0.1,0,16.5,0,4.4,1.1,0,0
,No new player Notes Joe Schobert Pit - LB Sun 1:00 pm @Buf,,FA,17,7,193.64,1534,1534,55%,0,76.8,44.9,6.5,3.2,0,6.5,0,2.2,2.2,1.1,0
,No new player Notes Justin Simmons Den - S Sun 4:25 pm @NYG,,FA,17,11,191.26,1800,1800,36%,0,78.2,25.4,4.2,0,0,11.9,0,4.2,0,0,0
,No new player Notes John Johnson III Cle - S Sun 4:25 pm @KC,,FA,17,13,190.94,1805,1805,28%,0,75.4,39.9,5.5,1.1,0,10.5,0,3.3,0,0,0
,Player Note T.J. Watt Pit - LB Sun 1:00 pm @Buf,,FA,17,7,190.3,1572,1572,60%,0,49.5,17.2,20.4,15.1,0,1.1,1.1,1.1,5.4,2.1,0
,No new player Notes Jeremy Chinn Car - S Sun 1:00 pm vs NYJ,,FA,17,13,190,374,374,71%,0,78.2,44.6,5.3,1.1,0,8,0,2.1,2.1,1.1,0
,No new player Notes Kevin Byard Ten - S Sun 1:00 pm vs Ari,,FA,17,13,189.74,385,385,53%,0,72.7,35.2,4.4,0,0,9.3,0,5.5,0,0,1.1
,No new player Notes Jayon Brown Ten - LB Sun 1:00 pm vs Ari,,FA,17,13,189.35,1565,1565,26%,0,88.1,50.6,6.6,2.2,0,2.2,0,1.1,1.1,1.1,0
,No new player Notes Demario Davis NO - LB Sun 4:25 pm vs GB ,,FA,17,6,188.95,1582,1582,32%,0,88.1,47.4,6.6,4.4,0,1.1,0,1.1,0,0,0
,No new player Notes Kenny Moore II Ind - CB Sun 1:00 pm vs Sea ,,FA,17,14,188.38,1135,1135,27%,0,77.1,15.6,3.4,2.2,0,11.6,0,2.2,2.2,1.1,0
,No new player Notes Joey Bosa LAC - DE Sun 1:00 pm @Was,,FA,17,7,187.09,573,573,58%,0,55.6,19.6,28.4,14.2,1.1,0,0,0,2.2,1.1,0
,Player Note Minkah Fitzpatrick Pit - S Sun 1:00 pm @Buf,,FA,17,7,185.94,1809,1809,36%,0,68.8,28,1.1,0,0,12.2,0,5.4,1.1,1.1,0
,No new player Notes Malcolm Jenkins NO - S Sun 4:25 pm vs GB ,,FA,17,6,185.03,1764,1764,27%,0,74.9,20.9,4.4,2.2,0,9.3,0,2.2,2.2,1.1,1.1
,No new player Notes Logan Ryan NYG - CB Sun 4:25 pm vs Den,,FA,17,10,184.64,1172,1172,21%,0,68,25.1,2.1,2.1,0,11.8,0,3.1,3.1,1,0
,No new player Notes Alex Singleton Phi - LB Sun 1:00 pm @Atl ,,FA,17,14,182.53,1506,1506,21%,0,94.4,50.4,4.2,1,0,1,0,0,1,1,0
,No new player Notes Darnell Savage GB - S Sun 4:25 pm @NO ,,FA,17,13,182.43,1763,1763,16%,0,65,20.6,1.1,0,0,14.1,0,5.4,1.1,1.1,0
,No new player Notes Micah Kiser LAR - LB Sun 8:20 pm vs Chi ,,FA,17,11,182.14,1448,1448,17%,0,86.4,63.1,4.4,1.1,0,2.2,0,1.1,0,0,0
,No new player Notes Khari Willis Ind - S Sun 1:00 pm vs Sea ,,FA,17,14,181.88,1768,1768,24%,0,86,29,5.6,1.1,0,4.2,0,2.2,1.1,1.1,0
,No new player Notes Devin Bush Pit - LB Sun 1:00 pm @Buf,,FA,17,7,181.68,1541,1541,31%,0,79.9,48.3,4.3,2.1,0,3.2,0,2.1,1.1,1.1,0
,No new player Notes Jerome Baker Mia - LB Sun 4:25 pm @NE,,FA,17,14,180.88,1463,1463,26%,0,82.7,51.5,6.4,4.3,0,1.1,0,0,1.1,1.1,0
,No new player Notes Myles Jack Jax - LB Sun 1:00 pm @Hou ,,FA,17,7,180.11,1567,1567,28%,0,86.1,51.5,4.2,1.1,0,3.2,0,1.1,1.1,0,0
,,,,,,Fantasy,,Rank,Trends,Ret,Tackles,,,,,Misc,,Turnovers,,,TD
,Defensive Players,,Roster Status,GP*,Bye,Fan Pts ,O-Rank,Actual,% Rostered,TD,Tack Solo,Tack Ast,TFL,Sack,Safe,Pass Def,Blk Kick,Int,Fum Force,Fum Rec,TD
,No new player Notes Shaquil Barrett TB - LB Thu 8:20 pm vs Dal,,FA,17,9,179.23,1530,1530,26%,0,54.7,17.5,18.6,15.1,0,0,0,0,3.5,1.2,0
,No new player Notes Brian Burns Car - LB Sun 1:00 pm vs NYJ,,FA,17,13,178.96,1549,1549,16%,0,47.7,20.1,21.2,12.7,0,4.2,0,0,4.2,2.1,0
,No new player Notes Willie Gay Jr. KC - LB Q Sun 4:25 pm vs Cle,,FA,17,12,178.71,1432,1432,16%,0,89.1,33.5,2.4,3.5,0,2.4,0,0,2.4,0,0
,No new player Notes Harrison Smith Min - S Sun 1:00 pm @Cin,,FA,17,7,178.1,1724,1724,23%,0,70.1,22.6,4.3,2.2,0,10.1,0,3.2,0,1.1,0
,No new player Notes Troy Reeder LAR - LB Sun 8:20 pm vs Chi ,,FA,17,11,177.15,1461,1461,10%,0,86.4,37.6,5.5,4.4,0,1.1,0,0,1.1,0,0
,No new player Notes Jordyn Brooks Sea - LB Sun 1:00 pm @Ind ,,FA,17,9,176.94,1417,1417,11%,0,79.1,55,4.4,1.1,0,6.6,0,0,1.1,0,0
,No new player Notes Danielle Hunter Min - DE Sun 1:00 pm @Cin,,FA,17,7,176.83,513,513,44%,0,57.1,16.2,24.8,12.9,0,0,0,0,2.2,1.1,0
,No new player Notes Benardrick McKinney Mia - LB Sun 4:25 pm @NE,,FA,17,14,176.22,1485,1485,10%,0,75.1,59,5.4,3.2,0,2,0,1.1,2.1,0,0
,No new player Notes Dre Greenlaw SF - LB Q Sun 1:00 pm @Det ,,FA,17,6,175.72,1551,1551,13%,0,90.6,39.8,4.4,1.1,0,1.1,0,1.1,1.1,0,0
,No new player Notes Keanu Neal Dal - LB Thu 8:20 pm @TB,,FA,17,7,175.1,1415,1415,18%,0,94.5,33.4,6.7,0,0,0,0,1.1,2.2,0,0
,No new player Notes Chase Young Was - DE Sun 1:00 pm vs LAC,,FA,17,9,174.15,576,576,63%,0,43,19.9,16.8,13.6,0,4.2,0,0,4.2,2.1,1
,No new player Notes Leighton Vander Esch Dal - LB Thu 8:20 pm @TB,,FA,17,7,172.33,1522,1522,20%,0,90,43.4,2.2,0,0,1.1,0,1.1,1.1,1.1,0
,No new player Notes Landon Collins Was - S Sun 1:00 pm vs LAC,,FA,17,9,171.07,1775,1775,16%,0,72.8,42,6.3,1,0,5.9,0,2.1,1,0,0
,No new player Notes A.J. Johnson Den - LB Sun 4:25 pm @NYG,,FA,17,11,170.23,1504,1504,16%,0,81.4,64.5,4.2,1.1,0,1.1,0,0,2.1,0,0
,No new player Notes Johnathan Abram LV - S Mon 8:15 pm vs Bal ,,FA,17,8,167.53,1717,1717,21%,0,74.3,32.3,3.2,0,0,6.5,0,2.2,2.2,1.1,0
,No new player Notes Vonn Bell Cin - S Sun 1:00 pm vs Min,,FA,17,10,164.87,1788,1788,20%,0,74.8,30.1,5.2,1,0,4.9,0,1,2.1,2.1,0
,No new player Notes Logan Wilson Cin - LB Sun 1:00 pm vs Min,,FA,17,10,164.23,1407,1407,7%,0,69.6,34.3,5.2,2.1,0,4.2,0,2.1,1,2.1,0
,No new player Notes Micah Parsons Dal - LB Thu 8:20 pm @TB,,FA,17,7,163.98,985,985,36%,0,62.3,41.1,6.7,4.4,0,3.3,0,2.2,1.1,1.1,0
,No new player Notes DeForest Buckner Ind - DT Q Sun 1:00 pm vs Sea ,,FA,17,14,163.06,1289,1289,40%,0,49.1,26.8,26.8,11.2,0,0,0,0,2.2,0,0
,No new player Notes Marcus Maye NYJ - S Sun 1:00 pm @Car,,FA,17,6,162.95,1776,1776,8%,0,58.6,32.9,2.1,1,0,11.6,0,3.1,1,0,0
,No new player Notes Amani Hooker Ten - S Sun 1:00 pm vs Ari,,FA,17,13,162.69,384,384,30%,0,64,29.9,3.3,0,0,9.9,0,3.3,0,1.1,0
,No new player Notes Adrian Phillips NE - S Sun 4:25 pm vs Mia,,FA,17,14,162.53,1802,1802,15%,0,79.1,27.8,4.3,0,0,5,0,2.1,0,0,0
,No new player Notes Aaron Donald LAR - DT Sun 8:20 pm vs Chi ,,FA,17,11,160.56,1321,1321,66%,0,34.3,23.3,19.9,16.6,0,0,0,0,3.3,2.2,0
,No new player Notes Shaq Thompson Car - LB Sun 1:00 pm vs NYJ,,FA,17,13,158.83,1508,1508,16%,0,68.8,56.1,6.4,2.1,0,1.1,0,1.1,1.1,1.1,0
,No new player Notes Drue Tranquill LAC - LB Sun 1:00 pm @Was,,FA,17,7,158.71,1377,1377,4%,0,78.5,38.2,5.5,0,0,2.2,0,1.1,1.1,1.1,0
,,,,,,Fantasy,,Rank,Trends,Ret,Tackles,,,,,Misc,,Turnovers,,,TD
,Defensive Players,,Roster Status,GP*,Bye,Fan Pts ,O-Rank,Actual,% Rostered,TD,Tack Solo,Tack Ast,TFL,Sack,Safe,Pass Def,Blk Kick,Int,Fum Force,Fum Rec,TD
,No new player Notes Rashaan Evans Ten - LB Sun 1:00 pm vs Ari,,FA,17,13,158.53,1564,1564,9%,0,74.9,48.4,5.5,1.1,0,2.2,0,1.1,0,0,0
,No new player Notes Tyrann Mathieu KC - S Sun 4:25 pm vs Cle,,FA,17,12,157.93,1787,1787,39%,0,73.3,17.7,1.2,2.4,0,0,0,4.7,2.4,0,0
,No new player Notes Kamren Curl Was - S Sun 1:00 pm vs LAC,,FA,17,9,156.84,1711,1711,15%,0,60.8,34.6,4.2,2.1,0,4.2,0,3.1,1,1,1
,No new player Notes Kareem Jackson Den - S Sun 4:25 pm @NYG,,FA,17,11,156.61,1765,1765,5%,0,67.7,28.5,2.1,0,0,8,0,2.1,1.1,1.1,0
,No new player Notes Jason Pierre-Paul TB - LB Thu 8:20 pm vs Dal,,FA,17,9,156.54,1484,1484,15%,0,46.6,17.5,22.1,11.6,0,0,0,0,3.5,1.2,0
,No new player Notes Khalil Mack Chi - LB Sun 8:20 pm @LAR ,,FA,17,10,155.02,1455,1455,33%,0,41.3,16.5,16.5,13.4,0,0,0,0,5.2,2.1,0
,No new player Notes Daniel Sorensen KC - S Sun 4:25 pm vs Cle,,FA,17,12,154.96,1742,1742,15%,0,72.2,22.5,3.5,0,0,5.9,0,1.2,1.2,1.2,1.2
,No new player Notes Tracy Walker Det - S Sun 1:00 pm vs SF ,,FA,17,9,154.88,1761,1761,7%,0,77.9,21.2,4,1,0,4.8,0,1,0,0,0
,No new player Notes Justin Reid Hou - S Sun 1:00 pm vs Jax ,,FA,17,10,154.01,1726,1726,8%,0,69.5,21.1,3,1,0,5.7,0,3,0,0,0
,No new player Notes Eddie Jackson Chi - S Sun 8:20 pm @LAR ,,FA,17,10,153.96,1803,1803,9%,0,59.9,16.5,1,1,0,5.2,0,5.2,2.1,1,1
,No new player Notes Chandler Jones Ari - LB Sun 1:00 pm @Ten,,FA,17,12,153.08,1468,1468,10%,0,40.7,12.1,24.2,13.2,0,0,0,0,3.3,1.1,0
,Player Note Xavien Howard Mia - CB Sun 4:25 pm @NE,,FA,17,14,152.45,1146,1146,26%,0,35.4,9.7,0,0,0,22.5,0,5.4,0,0,0
,No new player Notes Xavier McKinney NYG - S Sun 4:25 pm vs Den,,FA,17,10,150.72,1719,1719,11%,0,71.2,29.3,4.2,1,0,1,0,3.1,1,0,0
,No new player Notes Bradley Chubb Den - LB Sun 4:25 pm @NYG,,FA,17,11,149.07,1510,1510,10%,0,43.3,28.5,16.9,12.7,0,0,0,0,1.1,0,0
,Player Note Nick Bosa SF - DE Q Sun 1:00 pm @Det ,,FA,17,6,147.53,457,457,50%,0,43.1,13.3,18.8,13.3,0,0,0,0,2.2,0,0
,No new player Notes Terrell Edmunds Pit - S Sun 1:00 pm @Buf,,FA,17,7,147.26,1740,1740,6%,0,62.4,34.4,3.2,1.1,0,6.1,0,2.1,0,0,0
,No new player Notes Jordan Whitehead TB - S Thu 8:20 pm vs Dal,,FA,17,9,147.14,1777,1777,5%,0,64,27.9,1.2,1.2,0,6.6,0,2.3,0,0,0
,No new player Notes Harold Landry III Ten - LB Sun 1:00 pm vs Ari,,FA,17,13,145.88,1528,1528,6%,0,53.9,28.6,11,8.8,0,0,0,0,1.1,1.1,0
,No new player Notes Jonathan Allen Was - DT Sun 1:00 pm vs LAC,,FA,17,9,145.81,1299,1299,26%,0,47.2,28.3,25.2,8.4,0,0,0,0,0,1,0
,No new player Notes Za'Darius Smith GB - LB NFI-A Sun 4:25 pm @NO ,,FA,17,13,145.61,1577,1577,11%,0,42.2,17.3,17.3,13,0,0,0,0,2.2,0,0
,No new player Notes Josey Jewell Den - LB Q Sun 4:25 pm @NYG,,FA,17,11,145.38,1520,1520,5%,0,71.9,56,5.3,1.1,0,0,0,0,0,0,0
,No new player Notes J.J. Watt Ari - DE PUP-P Sun 1:00 pm @Ten,,FA,17,12,145.37,529,529,38%,0,47.4,23.1,23.1,8.8,0,0,0,0,2.2,0,0
,No new player Notes Eric Wilson Phi - LB Sun 1:00 pm @Atl ,,FA,17,14,145.29,1566,1566,18%,0,55.6,52.5,5.2,2.1,0,3.1,0,2.1,0,1,0
,No new player Notes Sam Hubbard Cin - DE Sun 1:00 pm vs Min,,FA,17,10,145.01,554,554,27%,0,50.9,33.3,18.7,7.3,0,0,0,0,1,1,0
,No new player Notes De'Vondre Campbell GB - LB Sun 4:25 pm @NO ,,FA,17,13,143.98,1498,1498,7%,0,74.7,40.1,5.4,1.1,0,0,0,0,1.1,0,0
,,,,,,Fantasy,,Rank,Trends,Ret,Tackles,,,,,Misc,,Turnovers,,,TD
,Defensive Players,,Roster Status,GP*,Bye,Fan Pts ,O-Rank,Actual,% Rostered,TD,Tack Solo,Tack Ast,TFL,Sack,Safe,Pass Def,Blk Kick,Int,Fum Force,Fum Rec,TD
,No new player Notes Jabrill Peppers NYG - S Sun 4:25 pm vs Den,,FA,17,10,143.9,1754,1754,23%,0,67,32.4,4.2,2.1,0,0,0,2.1,2.1,0,0
,No new player Notes DeShon Elliott Bal - S Q Mon 8:15 pm @LV ,,FA,17,8,143.63,1760,1760,3%,0,54.8,26.8,4.5,2.2,0,4.5,0,3.4,1.1,1.1,0
,No new player Notes Chris Jones KC - DT Sun 4:25 pm vs Cle,,FA,17,12,143.11,1301,1301,31%,0,39,17.7,18.9,13,0,0,0,0,2.4,0,0
,No new player Notes Taylor Rapp LAR - S Sun 8:20 pm vs Chi ,,FA,17,11,142.94,1735,1735,6%,0,64.2,35.4,2.2,0,0,5.2,0,2.2,0,0,0
,No new player Notes Mike Hilton Cin - CB Sun 1:00 pm vs Min,,FA,17,10,142.11,1217,1217,14%,0,56.1,14.6,5.2,2.3,0,7.3,0,2.1,1,1,0
,No new player Notes Jalen Thompson Ari - S Sun 1:00 pm @Ten,,FA,17,12,141.49,1730,1730,2%,0,72.7,17.6,1.1,0,0,3.1,0,2.2,1.1,0,0
,No new player Notes Lonnie Johnson Jr. Hou - CB Sun 1:00 pm vs Jax ,,FA,17,10,140.99,1222,1222,10%,0,68.5,32.2,4,0,0,1,0,3,0,0,0
,No new player Notes Cory Littleton LV - LB Mon 8:15 pm vs Bal ,,FA,17,8,140.07,1511,1511,8%,0,57.1,42,4.3,2.2,0,3.2,0,2.2,0,0,0
,No new player Notes Kyle Dugger NE - S Sun 4:25 pm vs Mia,,FA,17,14,139.22,1708,1708,4%,0,64.1,29.9,2.1,1.1,0,4,0,1.1,2.1,0,0
,No new player Notes Krys Barnes GB - LB Sun 4:25 pm @NO ,,FA,17,13,139.1,1431,1431,3%,0,65,35.7,7.6,1.1,0,2.2,0,1.1,0,0,0
,New Player Note Quinnen Williams NYJ - DT Q Sun 1:00 pm @Car,,FA,17,6,138.84,1323,1323,15%,0,38.1,29.8,20.6,8.2,0,3.1,0,0,2.1,0,0
,No new player Notes Ed Oliver Buf - DT Sun 1:00 pm vs Pit,,FA,17,7,138.7,1296,1296,18%,0,41.4,17.3,19.6,10.4,0,0,0,0,2.3,1.2,0
,No new player Notes Bobby Okereke Ind - LB Sun 1:00 pm vs Sea ,,FA,17,14,138.5,1811,1811,5%,0,78.2,38,2.2,0,0,0,0,0,0,0,0
,No new player Notes Alex Highsmith Pit - LB Sun 1:00 pm @Buf,,FA,17,7,138.16,1402,1402,4%,0,48.4,34.4,9.7,7.5,0,0,0,0,2.1,2.1,0
,No new player Notes Matt Judon NE - LB Sun 4:25 pm vs Mia,,FA,17,14,137.83,1480,1480,5%,0,47,21.4,13.9,8.5,0,0,0,0,3.2,1.1,0
,No new player Notes Jamie Collins Sr. Det - LB Sun 1:00 pm vs SF ,,FA,17,9,137.83,1493,1493,9%,0,58.7,41,5.1,4,0,0,0,0,3,1,0
,No new player Notes DeMarcus Lawrence Dal - DE Q Thu 8:20 pm @TB,,FA,17,7,137.29,463,463,25%,0,38.9,22.2,21.1,10,0,0,0,0,3.3,0,0
,No new player Notes Jamin Davis Was - LB Sun 1:00 pm vs LAC,,FA,17,9,137.24,1117,1117,13%,0,57.7,40.9,0,0,0,1,0,4.2,1,2.1,0
,No new player Notes Ronnie Harrison Jr. Cle - S Q Sun 4:25 pm @KC,,FA,17,13,137.03,1796,1796,2%,0,51,26.6,4.4,1.1,0,8.4,0,2.2,1.1,0,0
,No new player Notes Eric Rowe Mia - S Sun 4:25 pm @NE,,FA,17,14,135.41,1736,1736,4%,0,56.9,19.3,3.2,0,0,8.1,0,2.1,1.1,0,0
,No new player Notes Haason Reddick Car - LB Sun 1:00 pm vs NYJ,,FA,17,13,135.01,1526,1526,9%,0,42.4,15.9,14.8,10.6,0,0,0,0,3.2,0,0
,No new player Notes Cameron Heyward Pit - DT Sun 1:00 pm @Buf,,FA,17,7,134.93,1310,1310,22%,0,39.8,30.1,21.5,8.6,0,0,0,0,1.1,1.1,0
,No new player Notes Carlos Dunlap II Sea - DE Sun 1:00 pm @Ind ,,FA,17,9,134.62,520,520,16%,0,40.7,13.2,18.7,11,0,0,0,0,2.2,0,0
,No new player Notes Cameron Jordan NO - DE Sun 4:25 pm vs GB ,,FA,17,6,133.87,410,410,38%,0,41.9,20.9,20.9,8.8,0,0,0,0,1.1,1.1,0
,No new player Notes Montez Sweat Was - DE Q Sun 1:00 pm vs LAC,,FA,17,9,133.23,582,582,28%,0,35.7,16.8,16.8,12.6,0,0,0,0,1,1,0
,,,,,,Fantasy,,Rank,Trends,Ret,Tackles,,,,,Misc,,Turnovers,,,TD
,Defensive Players,,Roster Status,GP*,Bye,Fan Pts ,O-Rank,Actual,% Rostered,TD,Tack Solo,Tack Ast,TFL,Sack,Safe,Pass Def,Blk Kick,Int,Fum Force,Fum Rec,TD
,Player Note Bud Dupree Ten - LB Sun 1:00 pm vs Ari,,FA,17,13,132.67,1591,1591,6%,0,44,14.3,15.4,8.8,0,0,0,0,3.3,1.1,0
,No new player Notes Chase Winovich NE - DE Q Sun 4:25 pm vs Mia,,FA,17,14,131.97,567,567,9%,0,45.9,17.1,18.2,6.4,0,2.1,0,0,1.1,1.1,0
,No new player Notes Rashan Gary GB - LB Sun 4:25 pm @NO ,,FA,17,13,131,1546,1546,3%,0,33.6,31.4,15.2,11.9,0,0,0,0,1.1,0,0
,No new player Notes J.C. Jackson NE - CB Sun 4:25 pm vs Mia,,FA,17,14,130.9,1195,1195,12%,0,32.1,7.5,0,0,0,16,0,5.3,1.1,1.1,0
,No new player Notes Chuck Clark Bal - S Mon 8:15 pm @LV ,,FA,17,8,130.78,1728,1728,10%,0,62.6,38,3.4,1.1,0,0,0,1.1,1.1,1.1,0
,No new player Notes Matt Ioannidis Was - DT Sun 1:00 pm vs LAC,,FA,17,9,130.08,1306,1306,7%,0,42,21,23.1,8.4,0,0,0,0,0,0,0
,"No new player Notes Melvin Ingram III Pit - LB,DE Sun 1:00 pm @Buf",,FA,17,7,129.56,1365,1365,11%,0,46.2,12.9,19.4,7.5,0,0,0,0,2.1,0,0
,No new player Notes Anthony Barr Min - LB Sun 1:00 pm @Cin,,FA,17,7,128.32,1374,1374,3%,0,57.1,29.1,6.5,4.3,0,0,0,0,1.1,1.1,0
,No new player Notes Kenny Clark GB - DT Sun 4:25 pm @NO ,,FA,17,13,127.74,1277,1277,11%,0,40.1,22.7,19.5,8.7,0,0,0,0,0,1.1,0
,No new player Notes Nick Kwiatkoski LV - LB Mon 8:15 pm vs Bal ,,FA,17,8,126.81,1579,1579,6%,0,64.1,35.2,4.4,2.2,0,0,0,0,0,0,0
,No new player Notes Kyle Van Noy NE - LB Sun 4:25 pm vs Mia,,FA,17,14,126.62,1457,1457,5%,0,47,24.6,10.7,5.3,0,1.1,0,0,2.1,2.1,0
,No new player Notes Jeffery Simmons Ten - DT Sun 1:00 pm vs Ari,,FA,17,13,126.61,1357,1357,15%,0,36.3,31.9,23.1,6.6,0,0,0,0,1.1,2.2,0
,No new player Notes Josh Allen Jax - DE Sun 1:00 pm @Hou ,,FA,17,7,126.02,528,528,14%,0,32.6,13.7,15.8,12.6,0,0,0,0,2.1,0,0
,No new player Notes Dee Ford SF - DE Sun 1:00 pm @Det ,,FA,17,6,125.98,522,522,7%,0,39.8,13.3,17.7,8.8,0,0,0,0,2.2,1.1,0
,No new player Notes Maxx Crosby LV - DE Mon 8:15 pm vs Bal ,,FA,17,8,125.52,408,408,20%,0,35.6,12.9,16.2,10.8,0,0,0,0,2.2,1.1,0
,No new player Notes Nicholas Morrow LV - LB Mon 8:15 pm vs Bal ,,FA,17,8,124.42,1573,1573,3%,0,64.6,22.6,3.2,1.1,0,1.1,0,1.1,0,0,0
,No new player Notes Dre'Mont Jones Den - DE Sun 4:25 pm @NYG,,FA,17,11,124.24,418,418,8%,0,37,23.3,14.8,8.5,0,2.1,0,0,0,1.1,0
,No new player Notes Dont'a Hightower NE - LB Sun 4:25 pm vs Mia,,FA,17,14,121.28,1367,1367,5%,0,56.6,27.8,5.3,4.3,0,0,0,0,0,0,0
,No new player Notes Leonard Williams NYG - DE Sun 4:25 pm vs Den,,FA,17,10,120.88,591,591,20%,0,34.5,29.3,20.9,8.4,0,0,0,0,0,0,0
,No new player Notes Von Miller Den - LB Sun 4:25 pm @NYG,,FA,17,11,120.55,1384,1384,9%,0,31.7,16.9,13.7,10.6,0,0,0,0,3.2,1.1,0
,No new player Notes Calais Campbell Bal - DE Mon 8:15 pm @LV ,,FA,17,8,119.6,550,550,13%,0,35.8,20.1,17.9,7.8,0,0,0,0,2.2,1.1,0
,No new player Notes Josh Sweat Phi - DE Sun 1:00 pm @Atl ,,FA,17,14,119.13,486,486,5%,0,36.7,8.5,15.7,9.4,0,0,0,0,2.1,1,0
,No new player Notes Dante Fowler Jr. Atl - DE Sun 1:00 pm vs Phi ,,FA,17,6,117.89,425,425,8%,0,40,11.9,17.3,7.6,0,0,0,0,1.1,1.1,0
,No new player Notes Nick Vigil Min - LB Sun 1:00 pm @Cin,,FA,17,7,117.54,1462,1462,1%,0,57.1,46.4,2.2,1.1,0,0,0,0,1.1,0,0
,No new player Notes Malik Harrison Bal - LB Mon 8:15 pm @LV ,,FA,17,8,117.31,1394,1394,3%,0,58.4,41.6,2.2,1.1,0,0,0,0,0,1.1,0
,,,,,,Fantasy,,Rank,Trends,Ret,Tackles,,,,,Misc,,Turnovers,,,TD
,Defensive Players,,Roster Status,GP*,Bye,Fan Pts ,O-Rank,Actual,% Rostered,TD,Tack Solo,Tack Ast,TFL,Sack,Safe,Pass Def,Blk Kick,Int,Fum Force,Fum Rec,TD
,No new player Notes Jarran Reed KC - DT Sun 4:25 pm vs Cle,,FA,17,12,117.11,1332,1332,4%,0,36.7,22.5,17.7,8.3,0,0,0,0,0,0,0
,No new player Notes Frank Clark KC - DE Q Sun 4:25 pm vs Cle,,FA,17,12,116.51,533,533,7%,0,30.8,13,14.2,10.6,0,0,0,0,2.4,1.2,0
,Player Note Akiem Hicks Chi - DT Sun 8:20 pm @LAR ,,FA,17,10,116.25,1355,1355,8%,0,41.3,17.6,18.6,6.2,0,0,0,0,1,0,0
,No new player Notes Sheldon Richardson Min - DT Sun 1:00 pm @Cin,,FA,17,7,114.84,1260,1260,10%,0,36.7,27,24.8,4.3,0,0,0,0,1.1,1.1,0
,No new player Notes Trey Flowers Det - DE Sun 1:00 pm vs SF ,,FA,17,9,114.79,566,566,4%,0,37.4,22.3,11.1,8.1,0,0,0,0,2,0,0
,No new player Notes Karl Joseph LV - S Mon 8:15 pm vs Bal ,,FA,17,8,114.74,1774,1774,1%,0,52.8,23.7,1.1,0,0,4.3,0,1.1,0,2.2,0
,No new player Notes Trey Hendrickson Cin - DE Q Sun 1:00 pm vs Min,,FA,17,10,113.29,429,429,10%,0,32.2,9.4,9.4,11.4,0,1,0,0,1,0,0
,No new player Notes Daron Payne Was - DT Sun 1:00 pm vs LAC,,FA,17,9,113.29,1320,1320,7%,0,34.6,28.3,22,5.2,0,0,0,0,1,1,0
,No new player Notes Romeo Okwara Det - DE Sun 1:00 pm vs SF ,,FA,17,9,113.28,512,512,14%,0,33.4,13.2,15.2,9.1,0,1,0,0,1,0,0
,No new player Notes Arik Armstead SF - DT Q Sun 1:00 pm @Det ,,FA,17,6,113.27,1340,1340,7%,0,35.4,23.2,17.7,7.7,0,0,0,0,0,0,0
,No new player Notes Malcolm Smith Cle - LB Sun 4:25 pm @KC,,FA,17,13,113.04,1446,1446,1%,0,58.7,29.9,1.1,0,0,1.1,0,1.1,0,0,0
,No new player Notes Anthony Hitchens KC - LB Sun 4:25 pm vs Cle,,FA,17,12,112.13,1456,1456,2%,0,58.7,41,3.5,0,0,0,0,0,0,0,0
,No new player Notes Christian Kirksey Hou - LB Sun 1:00 pm vs Jax ,,FA,17,10,111.28,1403,1403,4%,0,50.4,37.3,5,3,0,0,0,0,0,0,0
,No new player Notes Linval Joseph LAC - DT Sun 1:00 pm @Was,,FA,17,7,111.26,1283,1283,4%,0,40.4,31.6,21.8,3.3,0,0,0,0,0,0,0
,No new player Notes Emmanuel Ogbah Mia - DE Sun 4:25 pm @NE,,FA,17,14,111.11,509,509,9%,0,32.2,11.8,14,9.7,0,0,0,0,1.1,1.1,0
,No new player Notes Dexter Lawrence II NYG - DT Sun 4:25 pm vs Den,,FA,17,10,110.27,1341,1341,3%,0,37.3,24.9,14.7,5.2,0,2.1,0,0,0,0,0
,No new player Notes Kwity Paye Ind - DE Q Sun 1:00 pm vs Sea ,,FA,17,14,109.29,453,453,9%,0,32.4,19,0,8.9,0,1.1,0,1.1,1.1,2.2,0
,No new player Notes Preston Smith GB - LB Sun 4:25 pm @NO ,,FA,17,13,108.26,1581,1581,2%,0,34.6,17.3,13,8.7,0,0,0,0,0,0,0
,No new player Notes Denico Autry Ten - DT Sun 1:00 pm vs Ari,,FA,17,13,107.9,1281,1281,3%,0,34.1,16.5,15.4,7.7,0,0,0,0,0,1.1,0
,No new player Notes Grady Jarrett Atl - DT Sun 1:00 pm vs Phi ,,FA,17,6,107.61,1280,1280,8%,0,37.9,26,7.6,6.5,0,0,0,0,2.2,0,0
,No new player Notes David Onyemata NO - DT SUSP Sun 4:25 pm vs GB ,,FA,17,6,106.82,1316,1316,1%,0,35.3,20.9,14.5,4.9,0,3.1,0,0,0,0,0
,No new player Notes Brandon Graham Phi - DE Sun 1:00 pm @Atl ,,FA,17,14,106.54,481,481,10%,0,33.6,9.6,13.6,7.3,0,0,0,0,2.1,2.1,0
,No new player Notes Jadeveon Clowney Cle - DE Sun 4:25 pm @KC,,FA,17,13,106.41,439,439,15%,0,29.9,23.3,16.6,7.8,0,0,0,0,1.1,0,0
,No new player Notes Leonard Floyd LAR - LB Sun 8:20 pm vs Chi ,,FA,17,11,105.75,1593,1593,3%,0,35.4,16.6,11.1,7.8,0,0,0,0,0,1.1,0
,No new player Notes Stephon Tuitt Pit - DE Sun 1:00 pm @Buf,,FA,17,7,105.74,454,454,15%,0,33.4,18.2,12.1,8.1,0,0,0,0,1,0,0
,,,,,,Fantasy,,Rank,Trends,Ret,Tackles,,,,,Misc,,Turnovers,,,TD
,Defensive Players,,Roster Status,GP*,Bye,Fan Pts ,O-Rank,Actual,% Rostered,TD,Tack Solo,Tack Ast,TFL,Sack,Safe,Pass Def,Blk Kick,Int,Fum Force,Fum Rec,TD
,No new player Notes Markus Golden Ari - LB Sun 1:00 pm @Ten,,FA,17,12,104.62,1502,1502,1%,0,29.7,25.3,12.1,8.8,0,0,0,0,0,0,0
,No new player Notes Fletcher Cox Phi - DT Sun 1:00 pm @Atl ,,FA,17,14,104.44,1331,1331,8%,0,33.6,13.8,15.7,6.3,0,0,0,0,2.1,1,0
,Player Note Ryan Kerrigan Phi - DE Q Sun 1:00 pm @Atl ,,FA,17,14,99.73,443,443,3%,0,29.4,10.6,5.2,8.4,0,1,0,0,3.1,1,0
,"No new player Notes Jaelan Phillips Mia - LB,DE Sun 4:25 pm @NE",,FA,17,14,98.23,899,899,21%,0,31.1,12.9,0,9.7,0,0,0,0,2.1,1.1,0
,No new player Notes Marcus Davenport NO - DE Sun 4:25 pm vs GB ,,FA,17,6,95.86,459,459,3%,0,23.1,16.5,11,8.8,0,0,0,0,2.2,1.1,0
,No new player Notes Jordan Phillips Ari - DE Sun 1:00 pm @Ten,,FA,17,12,95.82,589,589,1%,0,33,6.6,9.9,7.7,0,0,0,0,1.1,0,0
,No new player Notes Whitney Mercilus Hou - LB Sun 1:00 pm vs Jax ,,FA,17,10,94.68,1561,1561,1%,0,27.2,15.1,10.1,7.1,0,0,0,0,2,2,0
,No new player Notes Yetur Gross-Matos Car - DE Sun 1:00 pm vs NYJ,,FA,17,13,93.65,391,391,28%,0,29.7,15.9,7.3,7.4,0,0,0,0,1.1,1.1,0
,No new player Notes Danny Trevathan Chi - LB Q Sun 8:20 pm @LAR ,,FA,17,10,91.44,1584,1584,8%,0,44.4,33.1,2.1,1,0,0,0,0,1,0,0
,No new player Notes Ashtyn Davis NYJ - S PUP-P Sun 1:00 pm @Car,,FA,17,6,90.51,1693,1693,1%,0,38.1,23.7,2.1,1,0,1,0,2.1,1,0,0
,No new player Notes Ifeadi Odenigbo NYG - DE Sun 4:25 pm vs Den,,FA,17,10,90.01,462,462,1%,0,22,15.7,7.3,9.4,0,0,0,0,1,1,0
,No new player Notes Alton Robinson Sea - DE Sun 1:00 pm @Ind ,,FA,17,9,87.37,438,438,2%,0,26.4,16.5,4.4,7.7,0,0,0,0,1.1,1.1,0
,No new player Notes K'Lavon Chaisson Jax - DE Sun 1:00 pm @Hou ,,FA,17,7,87.17,557,557,1%,0,27.3,12.6,5.3,6.3,0,1.1,0,0,1.1,2.1,0
,No new player Notes Carl Lawson NYJ - DE Sun 1:00 pm @Car,,FA,17,6,86.9,511,511,3%,0,21.6,16.5,9.3,8.2,0,0,0,0,1,1,0
,No new player Notes Javon Hargrave Phi - DT Sun 1:00 pm @Atl ,,FA,17,14,86.61,1313,1313,1%,0,27.3,20.1,10.5,6.3,0,0,0,0,0,0,0
,No new player Notes Jordan Jenkins Hou - LB Sun 1:00 pm vs Jax ,,FA,17,10,86.11,1578,1578,0%,0,27.2,16.1,11.1,5,0,0,0,0,2,1,0
,No new player Notes Greg Rousseau Buf - DE Sun 1:00 pm vs Pit,,FA,17,7,84.02,590,590,3%,0,25.3,16.1,9.2,5.8,0,1.2,0,0,1.2,0,0
,No new player Notes Jon Bostic Was - LB Sun 1:00 pm vs LAC,,FA,17,9,83.92,1560,1560,5%,0,42,25.2,4.2,1,0,0,0,0,0,0,0
,No new player Notes Sheldon Rankins NYJ - DT Sun 1:00 pm @Car,,FA,17,6,82.79,1258,1258,1%,0,28.8,17.5,3.1,6.2,0,1,0,0,0,0,0
,No new player Notes D.J. Wonnum Min - DE Sun 1:00 pm @Cin,,FA,17,7,78.19,471,471,1%,0,25.9,11.9,6.5,5.4,0,1.1,0,0,0,1.1,0
,No new player Notes Joseph Ossai Cin - DE Q Sun 1:00 pm vs Min,,FA,17,10,67.57,506,506,1%,0,23.9,9.4,0,5.2,0,0,0,0,2.1,1,0
,No new player Notes Christian Barmore NE - DT Sun 4:25 pm vs Mia,,FA,17,14,48.27,783,783,3%,0,14.1,12.1,5,4,0,0,0,0,0,0,0
,No new player Notes Kindle Vildor Chi - CB Sun 8:20 pm @LAR ,,FA,17,10,0,942,942,0%,0,0,0,0,0,0,0,0,0,0,0,0
,No new player Notes Josiah Scott Phi - CB Sun 1:00 pm @Atl ,,FA,17,14,0,944,944,0%,0,0,0,0,0,0,0,0,0,0,0,0
,No new player Notes Curtis Weaver Cle - DE Sun 4:25 pm @KC,,FA,17,13,0,479,479,0%,0,0,0,0,0,0,0,0,0,0,0,0
