,,,,,,,Fantasy,,Rank,Trends,Passing,,,Rushing,,,Receiving,,,,Ret,Misc,Fum
,Offense,,Forecast,Roster Status,GP*,Bye,Fan Pts ,O-Rank,Actual,% Rostered,Yds,TD,Int,Att*,Yds,TD,Tgt*,Rec,Yds,TD,TD,2PT,Lost
,No new player Notes Christian McCaffrey Car - RB Sun 1:00 pm vs NYJ,,Video Forecast,FA,17,13,354.41,1,1,100%,0,0,0,308,1370,12.2,150,118,1030,5.4,0,2.6,1.3
,No new player Notes Patrick Mahomes KC - QB Sun 4:25 pm vs Cle,,Video Forecast,FA,17,12,344.32,31,31,100%,5581,44.3,7,51,305,2.9,0,0,0,0,0,3,3
,Player Note Josh Allen Buf - QB Sun 1:00 pm vs Pit,,Video Forecast,FA,17,7,329.67,42,42,100%,4909,38.3,13,85.7,596,7.1,0,0,0,0,0,3.2,5
,No new player Notes Kyler Murray Ari - QB Sun 1:00 pm @Ten,,Video Forecast,FA,17,12,313.42,58,58,100%,4483,31.3,14.1,119,785,7.3,0,0,0,0,0,3.1,4
,Player Note Dak Prescott Dal - QB Q Thu 8:20 pm @TB,,Video Forecast,FA,17,7,308.45,55,55,99%,4812,39.1,10.7,68,386,4.5,0,0,0,0,0,3.3,3.2
,Player Note Lamar Jackson Bal - QB Mon 8:15 pm @LV ,,Video Forecast,FA,17,8,295.05,43,43,100%,3480,29.2,10,136,992,6.1,0,0,0,0,0,2,4.9
,Player Note Justin Herbert LAC - QB Sun 1:00 pm @Was,,Video Forecast,FA,17,7,292.67,72,72,98%,4856,34.8,13,68,439,3.5,0,0,0,0,0,2,3
,No new player Notes Russell Wilson Sea - QB Sun 1:00 pm @Ind ,,Video Forecast,FA,17,9,291.66,65,65,99%,4662,34.9,12.3,68,499,2,0,0,0,0,0,3.1,3.1
,No new player Notes Dalvin Cook Min - RB Sun 1:00 pm @Cin,,Video Forecast,FA,17,7,285.61,2,2,100%,0,0,0,345,1650,14.5,62.9,51.1,435,1.8,0,2.4,1.1
,No new player Notes Jalen Hurts Phi - QB Sun 1:00 pm @Atl ,,Video Forecast,FA,17,14,273.75,81,81,95%,3687,23.4,9.3,121,807,6.2,0,0,0,0,0,2.1,2.1
,No new player Notes Tyreek Hill KC - WR Sun 4:25 pm vs Cle,,Video Forecast,FA,17,12,269.02,9,9,100%,0,0,0,18.1,107,2.3,152,106,1612,12.4,0,1,1
,No new player Notes Ryan Tannehill Ten - QB Sun 1:00 pm vs Ari,,Video Forecast,FA,17,13,266.59,97,97,94%,4408,33.6,10.1,51,295,4.6,0,0,0,0,0,1,3.1
,No new player Notes Alvin Kamara NO - RB Sun 4:25 pm vs GB ,,Video Forecast,FA,17,6,266.16,5,5,100%,0,0,0,208,1032,10.5,102,83.1,779,3.2,0,2.2,1.1
,No new player Notes Aaron Rodgers GB - QB Sun 4:25 pm @NO ,,Video Forecast,FA,17,13,264.47,82,82,98%,4803,35.5,7,17,93.1,1.4,0,0,0,0,0,2,2.9
,Player Note Matthew Stafford LAR - QB Sun 8:20 pm vs Chi ,,Video Forecast,FA,17,11,262.48,102,102,93%,5284,32.8,12.2,34,129,1.2,0,0,0,0,0,1,3.1
,No new player Notes Tom Brady TB - QB Thu 8:20 pm vs Dal,,Video Forecast,FA,17,9,260.06,74,74,97%,5257,38.2,14,0,0,0,0,0,0,0,0,2,3
,No new player Notes Jonathan Taylor Ind - RB Sun 1:00 pm vs Sea ,,Video Forecast,FA,17,14,253.38,13,13,100%,0,0,0,291,1503,13.7,50.5,40.5,357,1.9,0,1.2,1.1
,Player Note Saquon Barkley NYG - RB Q Sun 4:25 pm vs Den,,Video Forecast,FA,17,10,246.67,8,8,100%,0,0,0,286,1323,11.9,67,51.1,467,2.1,0,1.2,1.2
,No new player Notes Daniel Jones NYG - QB Sun 4:25 pm vs Den,,Video Forecast,FA,17,10,244.6,135,135,48%,4147,25.9,14.7,101,530,3.1,0,0,0,0,0,2.1,4.2
,Player Note Joe Burrow Cin - QB Sun 1:00 pm vs Min,,Video Forecast,FA,17,10,242.54,107,107,87%,4074,31.7,10.1,51,247,3.1,0,0,0,0,0,1,2
,Player Note Trevor Lawrence Jax - QB Sun 1:00 pm @Hou ,,Video Forecast,FA,17,7,242.38,118,118,81%,4257,33,10.8,34,181,1.6,0,0,0,0,0,0,0
,Player Note Deshaun Watson Hou - QB Sun 1:00 pm vs Jax ,,,FA,17,10,241.61,298,298,54%,4209,27.6,11.1,68,325,2.8,0,0,0,0,0,3.2,3.3
,No new player Notes Kirk Cousins Min - QB Sun 1:00 pm @Cin,,Video Forecast,FA,17,7,240.78,111,111,74%,4575,33.1,13.9,34,155,1.1,0,0,0,0,0,2,3
,No new player Notes J.K. Dobbins Bal - RB Mon 8:15 pm @LV ,,Video Forecast,FA,17,8,240.59,32,32,99%,0,0,0,271,1424,11.8,50.5,42.3,382,1.1,0,1.2,1.1
,No new player Notes Baker Mayfield Cle - QB Sun 4:25 pm @KC,,,FA,17,13,237.23,125,125,76%,4521,32.6,12.1,51,137,1.1,0,0,0,0,0,1,3
,,,,,,,Fantasy,,Rank,Trends,Passing,,,Rushing,,,Receiving,,,,Ret,Misc,Fum
,Offense,,Forecast,Roster Status,GP*,Bye,Fan Pts ,O-Rank,Actual,% Rostered,Yds,TD,Int,Att*,Yds,TD,Tgt*,Rec,Yds,TD,TD,2PT,Lost
,Player Note Justin Jefferson Min - WR Q Sun 1:00 pm @Cin,,Video Forecast,FA,17,7,236.76,19,19,100%,0,0,0,2.1,12.8,0,153,101,1478,11.7,0,2.1,1.1
,No new player Notes Clyde Edwards-Helaire KC - RB Sun 4:25 pm vs Cle,,Video Forecast,FA,17,12,233.72,22,22,99%,0,0,0,238,1203,7.3,68,61.5,555,2.4,0,0,1
,No new player Notes Stefon Diggs Buf - WR Q Sun 1:00 pm vs Pit,,Video Forecast,FA,17,7,232.46,11,11,100%,0,0,0,0,0,0,153,120,1437,9.6,0,1,1
,No new player Notes Nick Chubb Cle - RB Sun 4:25 pm @KC,,Video Forecast,FA,17,13,232.39,6,6,100%,0,0,0,304,1514,12.9,34,28.9,250,0.9,0,1.1,1
,No new player Notes Ezekiel Elliott Dal - RB Thu 8:20 pm @TB,,Video Forecast,FA,17,7,229.8,3,3,100%,0,0,0,274,1312,11.5,51,43.7,395,0.9,0,1,0.9
,No new player Notes Joe Mixon Cin - RB Sun 1:00 pm vs Min,,Video Forecast,FA,17,10,229.32,21,21,99%,0,0,0,320,1333,8.2,68,54.4,435,1,0,0,1.2
,No new player Notes Davante Adams GB - WR Sun 4:25 pm @NO ,,Video Forecast,FA,17,13,228.12,10,10,100%,0,0,0,0,0,0,160,109,1305,13.8,0,1.9,1
,No new player Notes A.J. Brown Ten - WR Sun 1:00 pm vs Ari,,Video Forecast,FA,17,13,227.39,20,20,100%,0,0,0,0,0,0,136,94.6,1469,11.1,0,1,1
,No new player Notes Travis Kelce KC - TE Sun 4:25 pm vs Cle,,,FA,17,12,224.08,12,12,100%,0,0,0,0,0,0,137,109,1349,10.2,0,2,0
,No new player Notes Derek Carr LV - QB Mon 8:15 pm vs Bal ,,,FA,17,8,223.6,161,161,32%,4459,28.5,11,34,124,1,0,0,0,0,0,1,3
,No new player Notes DK Metcalf Sea - WR Sun 1:00 pm @Ind ,,Video Forecast,FA,17,9,222.64,23,23,100%,0,0,0,0,0,0,136,88.9,1460,10.7,0,1,1
,No new player Notes Derrick Henry Ten - RB Sun 1:00 pm vs Ari,,Video Forecast,FA,17,13,222.22,4,4,100%,0,0,0,326,1561,15.4,17.3,14.5,101,0.9,0,1,1
,No new player Notes Matt Ryan Atl - QB Sun 1:00 pm vs Phi ,,Video Forecast,FA,17,6,221.77,112,112,80%,4643,29,12.4,20.4,61.5,0.8,0,0,0,0,0,1,2.8
,Player Note Justin Fields Chi - QB Sun 8:20 pm @LAR ,,,FA,17,10,221.45,159,159,50%,3460,25.7,13.2,85,435,4,0,0,0,0,0,0,0
,Player Note Austin Ekeler LAC - RB Sun 1:00 pm @Was,,Video Forecast,FA,17,7,220.37,15,15,100%,0,0,0,153,694,3.2,119,97.7,829,3.2,0,1,1
,Player Note D'Andre Swift Det - RB Q Sun 1:00 pm vs SF ,,Video Forecast,FA,17,9,220.29,41,41,96%,0,0,0,238,1020,8.7,81.6,64.1,530,2.5,0,1,1.1
,No new player Notes Calvin Ridley Atl - WR Sun 1:00 pm vs Phi ,,Video Forecast,FA,17,6,220.14,16,16,100%,0,0,0,0,0,0,154,102,1428,8.8,0,1,1
,Player Note Antonio Gibson Was - RB Sun 1:00 pm vs LAC,,Video Forecast,FA,17,9,219.74,18,18,99%,0,0,0,279,1215,11.1,54.4,43,407,0.9,0,1.1,1.1
,No new player Notes Teddy Bridgewater Den - QB Sun 4:25 pm @NYG,,,FA,17,11,219.61,284,284,5%,3960,26.3,14.7,61.2,252,4.3,0,0,0,0,0,4.4,4.4
,No new player Notes Jameis Winston NO - QB Sun 4:25 pm vs GB ,,,FA,17,6,219.59,238,238,16%,4454,29.6,19.9,51,193,4.1,0,0,0,0,0,0,4.9
,No new player Notes DeAndre Hopkins Ari - WR Q Sun 1:00 pm @Ten,,Video Forecast,FA,17,12,219.58,17,17,100%,0,0,0,0,0,0,153,110,1359,8.9,0,1.9,1
,No new player Notes Sam Darnold Car - QB Sun 1:00 pm vs NYJ,,,FA,17,13,219.09,184,184,19%,4340,27.7,14.9,51,239,1.1,0,0,0,0,0,1,4
,No new player Notes Aaron Jones GB - RB Q Sun 4:25 pm @NO ,,Video Forecast,FA,17,13,217.14,7,7,100%,0,0,0,221,1067,10.1,68,53,473,2.2,0,1,1
,No new player Notes Chris Godwin TB - WR Thu 8:20 pm vs Dal,,Video Forecast,FA,17,9,214.3,33,33,99%,0,0,0,0,0,0,136,104,1312,10.3,0,1.1,1.1
,No new player Notes Terry McLaurin Was - WR Sun 1:00 pm vs LAC,,Video Forecast,FA,17,9,214.09,26,26,99%,0,0,0,0,0,0,153,99.1,1386,8.7,0,1,1
,,,,,,,Fantasy,,Rank,Trends,Passing,,,Rushing,,,Receiving,,,,Ret,Misc,Fum
,Offense,,Forecast,Roster Status,GP*,Bye,Fan Pts ,O-Rank,Actual,% Rostered,Yds,TD,Int,Att*,Yds,TD,Tgt*,Rec,Yds,TD,TD,2PT,Lost
,No new player Notes Ryan Fitzpatrick Was - QB Sun 1:00 pm vs LAC,,Video Forecast,FA,17,9,213.64,123,123,58%,4142,28.6,20,51,210,2.9,0,0,0,0,0,3,3
,Player Note Jimmy Garoppolo SF - QB Sun 1:00 pm @Det ,,,FA,17,6,212.35,313,313,10%,4294,29.9,13.8,17,67.2,1.8,0,0,0,0,0,1.2,3.8
,Player Note Najee Harris Pit - RB Sun 1:00 pm @Buf,,Video Forecast,FA,17,7,210.35,14,14,99%,0,0,0,255,1155,9.8,51,43.4,395,2.1,0,0,1
,Player Note Darrell Henderson Jr. LAR - RB Sun 8:20 pm vs Chi ,,Video Forecast,FA,17,11,201.77,36,36,93%,0,0,0,240,1161,7.4,60.7,50.2,398,1.1,0,0,2.3
,No new player Notes David Montgomery Chi - RB Q Sun 8:20 pm @LAR ,,Video Forecast,FA,17,10,201.67,29,29,98%,0,0,0,272,1157,9.8,51,39.5,338,1,0,1,1
,No new player Notes Allen Robinson II Chi - WR Q Sun 8:20 pm @LAR ,,Video Forecast,FA,17,10,200.95,25,25,99%,0,0,0,0,0,0,153,94.5,1324,7.1,0,1,1
,No new player Notes Mike Evans TB - WR Thu 8:20 pm vs Dal,,Video Forecast,FA,17,9,199.93,34,34,99%,0,0,0,0,0,0,128,87.6,1230,10.4,0,1.9,1
,No new player Notes Robert Woods LAR - WR Sun 8:20 pm vs Chi ,,Video Forecast,FA,17,11,198.46,38,38,96%,0,0,0,23.1,131,1.1,153,107,1181,4.2,0,0,1
,No new player Notes CeeDee Lamb Dal - WR Thu 8:20 pm @TB,,Video Forecast,FA,17,7,195.97,28,28,99%,0,0,0,0,0,0,136,93.9,1236,6.8,1.1,1.9,0.9
,Player Note Amari Cooper Dal - WR Q Thu 8:20 pm @TB,,Video Forecast,FA,17,7,194.61,40,40,97%,0,0,0,4.1,22.5,0,136,95.2,1233,7.2,0,1,1
,No new player Notes Chris Carson Sea - RB Sun 1:00 pm @Ind ,,Video Forecast,FA,17,9,194.23,30,30,98%,0,0,0,243,1104,8.8,51,41.4,329,2.1,0,0,1.2
,No new player Notes Diontae Johnson Pit - WR Sun 1:00 pm @Buf,,Video Forecast,FA,17,7,194.06,60,60,93%,0,0,0,10.5,59.6,0,153,99.4,1185,7.3,0,0,1
,No new player Notes Cooper Kupp LAR - WR Sun 8:20 pm vs Chi ,,Video Forecast,FA,17,11,193.88,37,37,97%,0,0,0,7,44.2,0,136,98.5,1210,7,0,0,1
,No new player Notes Deebo Samuel SF - WR Sun 1:00 pm @Det ,,Video Forecast,FA,17,6,193.34,91,91,89%,0,0,0,25.8,136,2.1,119,84.9,1084,7.5,0,1,1
,No new player Notes DJ Moore Car - WR Sun 1:00 pm vs NYJ,,Video Forecast,FA,17,13,192.08,44,44,96%,0,0,0,6.8,46.5,0,136,85.2,1293,5.8,0,0,1
,No new player Notes Josh Jacobs LV - RB Mon 8:15 pm vs Bal ,,Video Forecast,FA,17,8,191.4,45,45,97%,0,0,0,272,1204,11.4,34,27.2,231,0,0,1,1
,No new player Notes Keenan Allen LAC - WR Sun 1:00 pm @Was,,Video Forecast,FA,17,7,189.93,27,27,99%,0,0,0,0,0,0,153,104,1188,7,0,0,1
,No new player Notes Robby Anderson Car - WR Sun 1:00 pm vs NYJ,,Video Forecast,FA,17,13,189.12,64,64,90%,0,0,0,4.2,21.9,0,136,87.6,1265,6.3,0,0,1.1
,No new player Notes George Kittle SF - TE Sun 1:00 pm @Det ,,Video Forecast,FA,17,6,188.69,35,35,100%,0,0,0,0,0,0,119,86.4,1167,8.9,0,1,0
,No new player Notes Tua Tagovailoa Mia - QB Sun 4:25 pm @NE,,Video Forecast,FA,17,14,187.63,153,153,33%,3528,24.8,12.2,34,186,1.9,0,0,0,0,0,1,3
,No new player Notes Ben Roethlisberger Pit - QB Sun 1:00 pm @Buf,,,FA,17,7,186.79,152,152,38%,3817,28.6,11.1,0,0,0,0,0,0,0,0,1,3
,No new player Notes Chase Edmonds Ari - RB Sun 1:00 pm @Ten,,,FA,17,12,186.62,67,67,91%,0,0,0,151,682,3.8,78.2,67.8,630,3.3,0,0,0
,No new player Notes Tyler Lockett Sea - WR Sun 1:00 pm @Ind ,,Video Forecast,FA,17,9,184.52,46,46,96%,0,0,0,0,0,0,136,99,1151,7.3,0,0,1
,No new player Notes Adam Thielen Min - WR Sun 1:00 pm @Cin,,Video Forecast,FA,17,7,184.44,51,51,96%,0,0,0,0,0,0,136,89.7,1124,9.1,0,1,1
,Player Note Carson Wentz Ind - QB Q Sun 1:00 pm vs Sea ,,,FA,17,14,184.27,220,220,31%,3562,23.5,15.7,56,243,4.2,0,0,0,0,0,1.3,6.6
,,,,,,,Fantasy,,Rank,Trends,Passing,,,Rushing,,,Receiving,,,,Ret,Misc,Fum
,Offense,,Forecast,Roster Status,GP*,Bye,Fan Pts ,O-Rank,Actual,% Rostered,Yds,TD,Int,Att*,Yds,TD,Tgt*,Rec,Yds,TD,TD,2PT,Lost
,No new player Notes Raheem Mostert SF - RB Sun 1:00 pm @Det ,,Video Forecast,FA,17,6,184.22,78,78,89%,0,0,0,206,1007,7.4,44.2,35.6,415,1.5,0,0,1.2
,No new player Notes Cam Newton NE - QB Sun 4:25 pm vs Mia,,,FA,17,14,183,222,222,14%,2698,17,10,85,464,5.3,0,0,0,0,0,1.1,1.1
,Player Note Darren Waller LV - TE Q Mon 8:15 pm vs Bal ,,Video Forecast,FA,17,8,181.77,24,24,100%,0,0,0,0,0,0,136,98.4,1123,6.8,0,1,1
,No new player Notes Jerry Jeudy Den - WR Sun 4:25 pm @NYG,,Video Forecast,FA,17,11,180.12,87,87,88%,0,0,0,0,0,0,136,81.8,1193,7.3,0,0,1.1
,Player Note Julio Jones Ten - WR Q Sun 1:00 pm vs Ari,,Video Forecast,FA,17,13,178.8,47,47,97%,0,0,0,0,0,0,128,85.6,1206,5.8,0,0,0.9
,No new player Notes Miles Sanders Phi - RB Sun 1:00 pm @Atl ,,Video Forecast,FA,17,14,178.32,39,39,97%,0,0,0,221,1040,6.7,51,39.6,336,0.9,0,0,1
,No new player Notes Corey Davis NYJ - WR Sun 1:00 pm @Car,,,FA,17,6,177.69,122,122,70%,0,0,0,0,0,0,126,81.2,1216,6,0,0,1.2
,No new player Notes Brandon Aiyuk SF - WR Sun 1:00 pm @Det ,,Video Forecast,FA,17,6,177.6,49,49,94%,0,0,0,22.6,101,2,119,81.5,1031,5.9,0,1,1
,No new player Notes Ronald Jones II TB - RB Thu 8:20 pm vs Dal,,,FA,17,9,177.05,79,79,90%,0,0,0,204,1003,12.7,34,30.5,208,1.7,0,0,1.2
,No new player Notes Mark Andrews Bal - TE Mon 8:15 pm @LV ,,Video Forecast,FA,17,8,176.84,57,57,99%,0,0,0,0,0,0,119,84.6,998,10.2,0,2.1,0
,No new player Notes Courtland Sutton Den - WR Q Sun 4:25 pm @NYG,,Video Forecast,FA,17,11,176.73,84,84,86%,0,0,0,0,0,0,133,84.8,1124,7.3,0,1.1,1.1
,No new player Notes Odell Beckham Jr. Cle - WR Q Sun 4:25 pm @KC,,Video Forecast,FA,17,13,176.33,66,66,93%,0,0,0,0,0,0,119,80,1168,7.2,0,0,1
,Player Note DJ Chark Jr. Jax - WR Q Sun 1:00 pm @Hou ,,Video Forecast,FA,17,7,175.43,95,95,85%,0,0,0,0,0,0,136,83.1,1144,7.2,0,0,1
,No new player Notes T.J. Hockenson Det - TE Q Sun 1:00 pm vs SF ,,Video Forecast,FA,17,9,175.18,48,48,99%,0,0,0,0,0,0,146,92.8,1032,8.5,0,1.3,1.3
,No new player Notes Chase Claypool Pit - WR Sun 1:00 pm @Buf,,Video Forecast,FA,17,7,174.84,69,69,92%,0,0,0,6,33.1,1,119,72.3,1043,10,0,0,1
,No new player Notes Kenny Golladay NYG - WR Q Sun 4:25 pm vs Den,,Video Forecast,FA,17,10,171.73,68,68,91%,0,0,0,0,0,0,119,76.1,1058,9.3,0,1,1
,No new player Notes Jarvis Landry Cle - WR Sun 4:25 pm @KC,,Video Forecast,FA,17,13,169.93,115,115,78%,0,0,0,0,0,0,136,95.3,1087,5.2,0,0,1
,No new player Notes JuJu Smith-Schuster Pit - WR Sun 1:00 pm @Buf,,Video Forecast,FA,17,7,167.71,85,85,90%,0,0,0,0,0,0,136,89.3,1015,7.2,0,1,1
,Player Note Zach Wilson NYJ - QB Sun 1:00 pm @Car,,,FA,17,6,166.99,217,217,13%,3322,20.4,9,17,87.3,1.4,0,0,0,0,0,0,0
,No new player Notes Jared Goff Det - QB Sun 1:00 pm vs SF ,,,FA,17,9,166.27,209,209,12%,3547,21.9,13,17,55.5,2.3,0,0,0,0,0,1,3
,No new player Notes Tee Higgins Cin - WR Sun 1:00 pm vs Min,,Video Forecast,FA,17,10,165.58,61,61,91%,0,0,0,6.4,40.3,0,119,74.2,978,8.3,0,1.9,0.9
,No new player Notes James Robinson Jax - RB Sun 1:00 pm @Hou ,,Video Forecast,FA,17,7,164.54,73,73,91%,0,0,0,221,926,7.1,51,40.3,262,2.2,0,0,1.2
,No new player Notes Antonio Brown TB - WR Thu 8:20 pm vs Dal,,Video Forecast,FA,17,9,162.14,98,98,81%,0,0,0,0,0,0,102,77.5,1041,7,0,0,0.9
,Player Note Mike Williams LAC - WR Q Sun 1:00 pm @Was,,,FA,17,7,161.82,109,109,65%,0,0,0,0,0,0,102,65,1032,8.7,0,1,1
,Player Note Michael Gallup Dal - WR Thu 8:20 pm @TB,,,FA,17,7,160.48,104,104,66%,0,0,0,0,0,0,119,77.4,1049,6.3,0,0,1
,,,,,,,Fantasy,,Rank,Trends,Passing,,,Rushing,,,Receiving,,,,Ret,Misc,Fum
,Offense,,Forecast,Roster Status,GP*,Bye,Fan Pts ,O-Rank,Actual,% Rostered,Yds,TD,Int,Att*,Yds,TD,Tgt*,Rec,Yds,TD,TD,2PT,Lost
,New Player Note Myles Gaskin Mia - RB Sun 4:25 pm @NE,,Video Forecast,FA,17,14,160.32,52,52,94%,0,0,0,204,863,5.9,51,41.6,348,0.9,0,0,1
,No new player Notes Nelson Agholor NE - WR Sun 4:25 pm vs Mia,,,FA,17,14,159.55,170,170,41%,0,0,0,0,0,0,119,69.2,1041,7.7,0,0,1.1
,Player Note DeVonta Smith Phi - WR Q Sun 1:00 pm @Atl ,,Video Forecast,FA,17,14,158.73,110,110,71%,0,0,0,0,0,0,117,74.3,1020,7.2,0,0,1
,Player Note Zack Moss Buf - RB Q Sun 1:00 pm vs Pit,,,FA,17,7,158.33,93,93,81%,0,0,0,204,925,8.2,34,29.3,251,1.3,0,0,1.3
,Player Note Curtis Samuel Was - WR Q Sun 1:00 pm vs LAC,,Video Forecast,FA,17,9,157.96,105,105,66%,0,0,0,38,192,1,102,71.3,851,5.7,0,0,1
,No new player Notes Jaylen Waddle Mia - WR Sun 4:25 pm @NE,,,FA,17,14,157.52,154,154,61%,0,0,0,0,0,0,116,73.6,1038,6.3,0,0,1
,No new player Notes Kareem Hunt Cle - RB Sun 4:25 pm @KC,,,FA,17,13,156.76,54,54,95%,0,0,0,170,767,5.2,51,45.3,349,3,0,0,1
,Player Note Tyler Boyd Cin - WR Sun 1:00 pm vs Min,,Video Forecast,FA,17,10,155.3,88,88,82%,0,0,0,6.1,35.8,0,136,91.1,929,5.1,0,0,1.1
,No new player Notes DeVante Parker Mia - WR Sun 4:25 pm @NE,,,FA,17,14,154.88,140,140,50%,0,0,0,0,0,0,119,74.3,969,7.7,0,0,1.1
,No new player Notes Michael Pittman Jr. Ind - WR Sun 1:00 pm vs Sea ,,,FA,17,14,154.42,139,139,48%,0,0,0,6.3,41,0,102,71.5,957,6.3,0,1,1
,No new player Notes Kyle Pitts Atl - TE Sun 1:00 pm vs Phi ,,Video Forecast,FA,17,6,154.04,53,53,98%,0,0,0,0,0,0,102,82.3,930,6.6,0,0,0
,Player Note Michael Thomas NO - WR PUP-P Sun 4:25 pm vs GB ,,,FA,17,6,153.42,131,131,83%,0,0,0,0,0,0,113,80.5,943,6.3,0,1,1
,No new player Notes Noah Fant Den - TE Sun 4:25 pm @NYG,,,FA,17,11,151.95,99,99,94%,0,0,0,0,0,0,119,82.8,948,5.2,0,1.1,1.1
,No new player Notes Laviska Shenault Jr. Jax - WR Sun 1:00 pm @Hou ,,,FA,17,7,151.69,106,106,58%,0,0,0,31.6,133,1,102,68.2,849,6.1,0,0,1
,Player Note Ja'Marr Chase Cin - WR Sun 1:00 pm vs Min,,Video Forecast,FA,17,10,151.22,62,62,90%,0,0,0,0,0,0,119,71.4,988,6.2,0,0,0.9
,New Player Note James Conner Ari - RB NA Sun 1:00 pm @Ten,,,FA,17,12,151.04,92,92,79%,0,0,0,181,806,8,46.4,36.8,274,1,0,0,1.2
,Player Note Javonte Williams Den - RB Sun 4:25 pm @NYG,,Video Forecast,FA,17,11,151,71,71,87%,0,0,0,221,909,6.2,34,28.9,241,1,0,0,0
,No new player Notes Brandin Cooks Hou - WR Sun 1:00 pm vs Jax ,,Video Forecast,FA,17,10,148.87,94,94,81%,0,0,0,0,0,0,119,75.8,993,4.5,0,0,1
,No new player Notes Cole Beasley Buf - WR Sun 1:00 pm vs Pit,,,FA,17,7,148.07,149,149,44%,0,0,0,0,0,0,102,78.6,953,5.3,0,0,1.2
,No new player Notes Nyheim Hines Ind - RB Sun 1:00 pm vs Sea ,,,FA,17,14,147.87,114,114,62%,0,0,0,85,397,2.8,85,72.1,545,2.9,1.1,0,1.4
,No new player Notes Will Fuller V Mia - WR SUSP Sun 4:25 pm @NE,,,FA,17,14,147.54,100,100,73%,0,0,0,0,0,0,96,62.5,1004,6,0,0,1
,No new player Notes Mike Davis Atl - RB Sun 1:00 pm vs Phi ,,Video Forecast,FA,17,6,146.81,56,56,92%,0,0,0,170,757,5,51,40.5,333,0.9,0,0,0
,Player Note Dallas Goedert Phi - TE Sun 1:00 pm @Atl ,,Video Forecast,FA,17,14,146.63,96,96,95%,0,0,0,0,0,0,119,78.5,908,6.2,0,0,1
,No new player Notes Leonard Fournette TB - RB Thu 8:20 pm vs Dal,,Video Forecast,FA,17,9,145.24,77,77,89%,0,0,0,157,719,6.6,51,45.2,295,1.2,0,0,1
,No new player Notes Damien Harris NE - RB Sun 4:25 pm vs Mia,,,FA,17,14,143.83,59,59,88%,0,0,0,247,1111,6.6,17.2,13.7,85.6,0,0,0,1.3
,,,,,,,Fantasy,,Rank,Trends,Passing,,,Rushing,,,Receiving,,,,Ret,Misc,Fum
,Offense,,Forecast,Roster Status,GP*,Bye,Fan Pts ,O-Rank,Actual,% Rostered,Yds,TD,Int,Att*,Yds,TD,Tgt*,Rec,Yds,TD,TD,2PT,Lost
,Player Note Marquise Brown Bal - WR Q Mon 8:15 pm @LV ,,,FA,17,8,141.81,124,124,54%,0,0,0,0,0,0,102,61.5,925,6.8,0,0,0.9
,Player Note Hunter Henry NE - TE Q Sun 4:25 pm vs Mia,,Video Forecast,FA,17,14,141.3,128,128,72%,0,0,0,0,0,0,102,74.3,842,5.9,0,1.2,0
,No new player Notes Devin Singletary Buf - RB Sun 1:00 pm vs Pit,,,FA,17,7,140.73,113,113,66%,0,0,0,153,731,3.2,51,44.7,343,1.2,0,0,1
,No new player Notes Rob Gronkowski TB - TE Thu 8:20 pm vs Dal,,Video Forecast,FA,17,9,140.44,156,156,80%,0,0,0,0,0,0,101,69.3,846,6.4,0,1,0
,No new player Notes T.Y. Hilton Ind - WR Sun 1:00 pm vs Sea ,,,FA,17,14,140.21,176,176,38%,0,0,0,0,0,0,102,70.5,916,5.1,0,0,1
,Player Note Trey Sermon SF - RB Sun 1:00 pm @Det ,,Video Forecast,FA,17,6,139.36,63,63,85%,0,0,0,179,797,4.6,34,30.3,285,0.7,0,0,0
,Player Note Darnell Mooney Chi - WR Sun 8:20 pm @LAR ,,,FA,17,10,139.27,127,127,47%,0,0,0,5.6,33.4,0,119,73.5,816,5.6,1.1,0,1.1
,Player Note Tre'Quan Smith NO - WR Q Sun 4:25 pm vs GB ,,,FA,17,6,138.11,174,174,16%,0,0,0,0,0,0,101,65.9,885,5.6,0,0,0
,No new player Notes Marvin Jones Jr. Jax - WR Sun 1:00 pm @Hou ,,,FA,17,7,137.24,121,121,52%,0,0,0,0,0,0,102,65.6,845,6.7,0,1,1
,Player Note Mecole Hardman KC - WR Sun 4:25 pm vs Cle,,,FA,17,12,136.82,150,150,48%,0,0,0,0,0,0,85,61.1,891,5.2,1.1,0,0.8
,No new player Notes Christian Kirk Ari - WR Sun 1:00 pm @Ten,,,FA,17,12,134.02,187,187,22%,0,0,0,2.1,12.7,0,102,66.6,825,6.3,0,0,1
,No new player Notes Irv Smith Jr. Min - TE Sun 1:00 pm @Cin,,,FA,17,7,133.81,120,120,84%,0,0,0,0,0,0,102,72.2,783,6.5,0,1.1,1.1
,No new player Notes David Johnson Hou - RB Sun 1:00 pm vs Jax ,,,FA,17,10,133.34,75,75,83%,0,0,0,170,691,3.8,51,38,325,1.2,0,0,1.1
,No new player Notes Travis Etienne Jax - RB Sun 1:00 pm @Hou ,,Video Forecast,FA,17,7,131.63,50,50,92%,0,0,0,136,596,4.5,51,39.7,363,1.3,0,0,0.7
,No new player Notes Jalen Reagor Phi - WR Sun 1:00 pm @Atl ,,,FA,17,14,130.39,168,168,28%,0,0,0,5.1,32.9,0,102,63.7,850,4.1,0,0,1
,No new player Notes John Brown LV - WR Mon 8:15 pm vs Bal ,,,FA,17,8,130.36,177,177,25%,0,0,0,0,0,0,102,66.4,862,4.4,0,0,1.1
,No new player Notes Van Jefferson Jr. LAR - WR Q Sun 8:20 pm vs Chi ,,,FA,17,11,130.2,240,240,7%,0,0,0,2.1,15.9,0,102,68,839,4.3,0,0,1
,No new player Notes Henry Ruggs III LV - WR Mon 8:15 pm vs Bal ,,,FA,17,8,128.31,166,166,42%,0,0,0,9.7,60,0,85,48.4,836,4.8,0,0,0
,No new player Notes Hunter Renfrow LV - WR Mon 8:15 pm vs Bal ,,,FA,17,8,126.66,267,267,4%,0,0,0,0,0,0,102,71.5,832,3.3,0,0,1.1
,No new player Notes Emmanuel Sanders Buf - WR Sun 1:00 pm vs Pit,,,FA,17,7,126.64,189,189,18%,0,0,0,1.1,9.8,0,86.7,60,794,5.4,0,0,0
,Player Note Rondale Moore Ari - WR Sun 1:00 pm @Ten,,,FA,17,12,126.57,215,215,12%,0,0,0,18.5,102,0.9,85,55.3,685,4.7,1.2,0,0
,No new player Notes Sterling Shepard NYG - WR Sun 4:25 pm vs Den,,,FA,17,10,126.08,169,169,22%,0,0,0,6.4,34.2,0,102,70.5,767,4.3,0,0,1.1
,No new player Notes Jamison Crowder NYJ - WR Sun 1:00 pm @Car,,,FA,17,6,124.81,173,173,27%,0,0,0,2.3,10.6,0,102,70.5,769,4.7,0,0,1.2
,New Player Note Melvin Gordon III Den - RB Q Sun 4:25 pm @NYG,,,FA,17,11,124.35,76,76,86%,0,0,0,187,810,4.3,34,28.3,153,0.9,0,0,0.9
,Player Note Mike Gesicki Mia - TE Sun 4:25 pm @NE,,Video Forecast,FA,17,14,124.27,116,116,87%,0,0,0,0,0,0,96,63.1,777,5,0,0,0
,,,,,,,Fantasy,,Rank,Trends,Passing,,,Rushing,,,Receiving,,,,Ret,Misc,Fum
,Offense,,Forecast,Roster Status,GP*,Bye,Fan Pts ,O-Rank,Actual,% Rostered,Yds,TD,Int,Att*,Yds,TD,Tgt*,Rec,Yds,TD,TD,2PT,Lost
,No new player Notes Sammy Watkins Bal - WR Q Mon 8:15 pm @LV ,,,FA,17,8,123.72,235,235,15%,0,0,0,0,0,0,102,69.1,764,4.3,0,0,0
,Player Note Austin Hooper Cle - TE Sun 4:25 pm @KC,,Video Forecast,FA,17,13,122.51,137,137,61%,0,0,0,0,0,0,102,71.3,725,5.5,0,0,1.1
,Player Note Kadarius Toney NYG - WR Q Sun 4:25 pm vs Den,,,FA,17,10,121.29,275,275,8%,0,0,0,18.2,108,0,85,52.6,681,5.4,0,0,0
,No new player Notes Logan Thomas Was - TE Sun 1:00 pm vs LAC,,,FA,17,9,120.63,83,83,91%,0,0,0,0,0,0,119,76.6,687,5.2,0,0,1.1
,No new player Notes Terrace Marshall Jr. Car - WR Sun 1:00 pm vs NYJ,,,FA,17,13,120.44,246,246,10%,0,0,0,0,0,0,85,54.1,801,5.1,0,0,1
,No new player Notes Kenyan Drake LV - RB Mon 8:15 pm vs Bal ,,,FA,17,8,119.87,101,101,77%,0,0,0,170,704,5.1,34,27.3,190,1.2,0,0,1
,No new player Notes Robert Tonyan GB - TE Sun 4:25 pm @NO ,,,FA,17,13,118.96,80,80,93%,0,0,0,0,0,0,85,62.6,657,7.3,0,1,1
,No new player Notes Gabriel Davis Buf - WR Sun 1:00 pm vs Pit,,,FA,17,7,118.55,227,227,12%,0,0,0,0,0,0,85,57.4,779,4.6,0,0,0.9
,No new player Notes Tyler Higbee LAR - TE Sun 8:20 pm vs Chi ,,,FA,17,11,118.24,70,70,94%,0,0,0,0,0,0,85,63.5,691,5.8,0,0,0
,Player Note Denzel Mims NYJ - WR Sun 1:00 pm @Car,,,FA,17,6,118.08,228,228,6%,0,0,0,0,0,0,102,62.1,727,5.5,0,0,1.1
,No new player Notes Darius Slayton NYG - WR Sun 4:25 pm vs Den,,,FA,17,10,116.08,192,192,10%,0,0,0,0,0,0,85,54.9,790,3.9,0,0,1
,Player Note Drew Lock Den - QB Sun 4:25 pm @NYG,,,FA,17,11,115.31,320,320,4%,2443,14.9,8.4,16,57.1,1.3,0,0,0,0,0,0.9,2.8
,No new player Notes Michael Carter NYJ - RB Sun 1:00 pm @Car,,Video Forecast,FA,17,6,114.64,86,86,80%,0,0,0,139,627,3.9,34,26.6,271,0,0,0,0
,No new player Notes Parris Campbell Ind - WR Sun 1:00 pm vs Sea ,,,FA,17,14,114.49,230,230,9%,0,0,0,0,0,0,85,55,752,3.9,0,0,0
,Player Note Jakobi Meyers NE - WR Sun 4:25 pm vs Mia,,,FA,17,14,113.47,164,164,13%,0,0,0,2,14.2,0,85,57,764,3.1,0,0,1
,No new player Notes Breshad Perriman Det - WR Q Sun 1:00 pm vs SF ,,,FA,17,9,113.28,190,190,9%,0,0,0,5.8,28.3,0,85,45.8,701,5.8,0,0,0
,No new player Notes Randall Cobb GB - WR Sun 4:25 pm @NO ,,,FA,17,13,112.77,253,253,14%,0,0,0,0,6,0,90.1,61.9,697,3.9,0,0,0
,Player Note Bryan Edwards LV - WR Mon 8:15 pm vs Bal ,,,FA,17,8,112.54,195,195,8%,0,0,0,0,0,0,85,57.5,660,5.9,0,0,0
,Player Note Gus Edwards Bal - RB Mon 8:15 pm @LV ,,,FA,17,8,112.14,90,90,70%,0,0,0,170,805,5.4,17,11.9,115,0,0,0,1.1
,No new player Notes Boston Scott Phi - RB Sun 1:00 pm @Atl ,,,FA,17,14,111.93,214,214,8%,0,0,0,85,370,1.3,64.6,51,391,2.1,0,0,0
,No new player Notes Tim Patrick Den - WR Sun 4:25 pm @NYG,,,FA,17,11,111.51,231,231,3%,0,0,0,0,0,0,85,54.7,718,4.1,0,0,0
,No new player Notes Tyrod Taylor Hou - QB Sun 1:00 pm vs Jax ,,,FA,17,10,110.77,260,260,3%,1881,8.1,3.8,48,255,1.9,0,0,0,0,0,0,0
,No new player Notes Dyami Brown Was - WR Sun 1:00 pm vs LAC,,,FA,17,9,110.15,2087,2087,2%,0,0,0,0,0,0,85,52.5,713,4.2,0,0,0
,No new player Notes Marquez Valdes-Scantling GB - WR Sun 4:25 pm @NO ,,,FA,17,13,109.54,258,258,6%,0,0,0,2.6,20.1,0,78.2,44.6,721,4.4,0,0,0
,No new player Notes Jalen Guyton LAC - WR Sun 1:00 pm @Was,,,FA,17,7,108.99,1844,1844,1%,0,0,0,0,0,0,85,47.7,730,4.1,0,0,0
,,,,,,,Fantasy,,Rank,Trends,Passing,,,Rushing,,,Receiving,,,,Ret,Misc,Fum
,Offense,,Forecast,Roster Status,GP*,Bye,Fan Pts ,O-Rank,Actual,% Rostered,Yds,TD,Int,Att*,Yds,TD,Tgt*,Rec,Yds,TD,TD,2PT,Lost
,No new player Notes Tony Pollard Dal - RB Thu 8:20 pm @TB,,,FA,17,7,108.53,108,108,56%,0,0,0,102,464,3.4,51,42.4,272,1.2,0,0,0
,Player Note Elijah Moore NYJ - WR Q Sun 1:00 pm @Car,,,FA,17,6,108.36,148,148,31%,0,0,0,0,0,0,85,53.7,715,3.3,0,0,0
,No new player Notes KJ Hamler Den - WR Sun 4:25 pm @NYG,,,FA,17,11,108.2,294,294,3%,0,0,0,7,40.8,0,85,50.8,658,5,0,0,1
,New Player Note Jonnu Smith NE - TE Q Sun 4:25 pm vs Mia,,,FA,17,14,107.44,129,129,65%,0,0,0,0,0,0,85,55,622,5.9,0,0,0
,No new player Notes J.D. McKissic Was - RB Sun 1:00 pm vs LAC,,,FA,17,9,107.15,134,134,33%,0,0,0,51,212,1.3,88.4,68.1,437,1.5,0,0,0
,No new player Notes Jared Cook LAC - TE Sun 1:00 pm @Was,,,FA,17,7,106.89,172,172,34%,0,0,0,0,0,0,85,62.1,603,5.8,0,0,1
,Player Note Rashod Bateman Bal - WR Q Mon 8:15 pm @LV ,,,FA,17,8,106.29,147,147,28%,0,0,0,0,0,0,79.9,50.9,684,4.2,0,0,0
,No new player Notes AJ Dillon GB - RB Sun 4:25 pm @NO ,,,FA,17,13,105.28,89,89,77%,0,0,0,170,757,5.3,17,11.8,93.7,0,0,0,0.7
,No new player Notes Evan Engram NYG - TE Sun 4:25 pm vs Den,,,FA,17,10,104.89,132,132,57%,0,0,0,0,0,0,102,63.2,661,3.1,0,0,1.1
,No new player Notes Lynn Bowden Jr. Mia - WR Sun 4:25 pm @NE,,,FA,17,14,104.65,1870,1870,1%,0,0,0,22.4,105,1.6,68,54.3,526,3.2,0,0,0
,No new player Notes Quintez Cephus Det - WR Q Sun 1:00 pm vs SF ,,,FA,17,9,104.42,327,327,1%,0,0,0,0,0,0,85,50.8,677,3.8,0,0,0
,No new player Notes Tyler Johnson TB - WR Thu 8:20 pm vs Dal,,,FA,17,9,104.42,2046,2046,1%,0,0,0,0,0,0,68,46.7,697,3.8,0,0,0
,No new player Notes James White NE - RB Sun 4:25 pm vs Mia,,,FA,17,14,104.31,145,145,20%,0,0,0,34,143,1.3,79.9,63.8,502,1.4,0,0,0
,No new player Notes Darrel Williams KC - RB Sun 4:25 pm vs Cle,,,FA,17,12,103.09,158,158,12%,0,0,0,136,656,1.4,34,31,179,0,0,0,0
,No new player Notes Keelan Cole Sr. NYJ - WR Sun 1:00 pm @Car,,,FA,17,6,102.8,255,255,2%,0,0,0,1,5,0,85,49.6,626,5,0,0,0
,No new player Notes Gerald Everett Sea - TE Sun 1:00 pm @Ind ,,,FA,17,9,102.22,146,146,27%,0,0,0,0,0,0,85.6,62.6,649,2,0,0,0
,No new player Notes Scotty Miller TB - WR Thu 8:20 pm vs Dal,,,FA,17,9,101.66,323,323,1%,0,0,0,0,0,0,68,48.3,681,3.1,0,0,0
,No new player Notes Hayden Hurst Atl - TE Sun 1:00 pm vs Phi ,,,FA,17,6,100.34,232,232,13%,0,0,0,0,0,0,85,55.9,566,5.3,0,0,0
,No new player Notes N'Keal Harry NE - WR Sun 4:25 pm vs Mia,,,FA,17,14,99.96,319,319,2%,0,0,0,0,0,0,85,54.1,651,2.6,0,0,0
,No new player Notes Jerick McKinnon KC - RB Sun 4:25 pm vs Cle,,,FA,17,12,99.8,226,226,6%,0,0,0,68,336,1.3,51,44.4,363,1.2,0,0,0
,No new player Notes Russell Gage Atl - WR Sun 1:00 pm vs Phi ,,,FA,17,6,99.47,179,179,23%,0,0,0,0.9,6.5,0,85,54.9,621,3.7,0,0,0.9
,No new player Notes Blake Jarwin Dal - TE Thu 8:20 pm @TB,,,FA,17,7,99.43,163,163,23%,0,0,0,0,0,0,85,57,590,4,0,0,0
,Player Note Phillip Lindsay Hou - RB Sun 1:00 pm vs Jax ,,,FA,17,10,98.42,138,138,39%,0,0,0,187,773,2.7,17,12.3,86.7,0,0,0,1
,No new player Notes Kendrick Bourne NE - WR Sun 4:25 pm vs Mia,,,FA,17,14,97.29,333,333,1%,0,0,0,0,0,0,85,53.8,646,1.9,0,0,0
,No new player Notes Tarik Cohen Chi - RB PUP-P Sun 8:20 pm @LAR ,,,FA,17,10,96.99,151,151,27%,0,0,0,56,222,1.8,56,42.2,377,3.5,0,0,0
,,,,,,,Fantasy,,Rank,Trends,Passing,,,Rushing,,,Receiving,,,,Ret,Misc,Fum
,Offense,,Forecast,Roster Status,GP*,Bye,Fan Pts ,O-Rank,Actual,% Rostered,Yds,TD,Int,Att*,Yds,TD,Tgt*,Rec,Yds,TD,TD,2PT,Lost
,No new player Notes Damiere Byrd Chi - WR Sun 8:20 pm @LAR ,,,FA,17,10,96.95,1820,1820,1%,0,0,0,3.2,17.2,0,85,50.5,603,3.2,0,0,0
,No new player Notes Amon-Ra St. Brown Det - WR Sun 1:00 pm vs SF ,,,FA,17,9,96.43,233,233,8%,0,0,0,0,0,0,85,49.7,640,2.5,0,0,0
,No new player Notes A.J. Green Ari - WR Q Sun 1:00 pm @Ten,,,FA,17,12,95.52,252,252,13%,0,0,0,0,0,0,85,54.1,589,3.2,0,0,0
,No new player Notes Eric Ebron Pit - TE Sun 1:00 pm @Buf,,,FA,17,7,94.83,205,205,12%,0,0,0,0,0,0,85,54.8,545,4.3,0,0,0
,No new player Notes Rashard Higgins Cle - WR Sun 4:25 pm @KC,,,FA,17,13,93.54,257,257,2%,0,0,0,0,0,0,68,47.3,614,2.8,0,0,0
,New Player Note Latavius Murray NO - RB Sun 4:25 pm vs GB ,,,FA,17,6,93.51,117,117,45%,0,0,0,119,506,3,34,27,189,1.2,0,0,1
,No new player Notes Anthony Firkser Ten - TE Sun 1:00 pm vs Ari,,,FA,17,13,92.7,142,142,29%,0,0,0,0,0,0,68,53.1,524,4.6,0,0,0
,No new player Notes Tutu Atwell LAR - WR Sun 8:20 pm vs Chi ,,,FA,17,11,92.12,2063,2063,1%,0,0,0,0,0,0,68,45.6,602,3,0,0,0
,No new player Notes Sony Michel NE - RB Sun 4:25 pm vs Mia,,,FA,17,14,91.89,186,186,8%,0,0,0,163,698,3.6,15.3,12.1,75.8,0,0,0,1.2
,No new player Notes Zach Ertz Phi - TE Sun 1:00 pm @Atl ,,,FA,17,14,91.18,193,193,24%,0,0,0,0,0,0,85,54,543,4,0,0,1
,No new player Notes Tylan Wallace Bal - WR Mon 8:15 pm @LV ,,,FA,17,8,90.43,289,289,1%,0,0,0,0,0,0,68,41.4,597,3.4,0,0,0
,No new player Notes Shi Smith Car - WR Sun 1:00 pm vs NYJ,,,FA,17,13,89.66,2071,2071,0%,0,0,0,0,0,0,68,49,558,3.1,0,0,0
,No new player Notes Dawson Knox Buf - TE Sun 1:00 pm vs Pit,,,FA,17,7,88.9,200,200,4%,0,0,0,0,0,0,68,47.7,526,4.1,0,0,0
,No new player Notes Cam Sims Was - WR Sun 1:00 pm vs LAC,,,FA,17,9,87.79,1837,1837,0%,0,0,0,2.8,15.9,0,68,44.8,545,3.7,0,0,1
,Player Note Mike Boone Den - RB Q Sun 4:25 pm @NYG,,,FA,17,11,85.99,2432,2432,1%,0,0,0,160,674,0,16,15.9,106,0,0,0,0
,No new player Notes Donovan Peoples-Jones Cle - WR Sun 4:25 pm @KC,,,FA,17,13,85.92,329,329,3%,0,0,0,0,0,0,68,43.4,577,2.2,0,0,0
,Player Note O.J. Howard TB - TE Thu 8:20 pm vs Dal,,,FA,17,9,85.18,300,300,6%,0,0,0,0,0,0,64.6,45.4,520,3.5,0,0,0
,Player Note James Washington Pit - WR Q Sun 1:00 pm @Buf,,,FA,17,7,84.53,263,263,2%,0,0,0,0,0,0,68,37,537,4.1,0,0,0
,No new player Notes Jamaal Williams Det - RB Sun 1:00 pm vs SF ,,,FA,17,9,84.26,103,103,52%,0,0,0,102,411,2.7,34,26.2,220,0,0,0,0
,No new player Notes Cole Kmet Chi - TE Sun 8:20 pm @LAR ,,,FA,17,10,83.48,143,143,29%,0,0,0,0,0,0,68,47.2,496,3.4,0,0,0
,No new player Notes Travis Fulgham Phi - WR Sun 1:00 pm @Atl ,,,FA,17,14,83.03,325,325,1%,0,0,0,0,0,0,68,40.3,528,3.4,0,0,0
,Player Note Dalton Schultz Dal - TE Q Thu 8:20 pm @TB,,,FA,17,7,83.01,301,301,3%,0,0,0,0,0,0,68,47.4,522,2.4,0,0,0
,No new player Notes Dez Fitzpatrick Ten - WR Sun 1:00 pm vs Ari,,,FA,17,13,82.24,2160,2160,1%,0,0,0,0,0,0,68,42.7,539,2.3,0,0,0
,No new player Notes Chuba Hubbard Car - RB Sun 1:00 pm vs NYJ,,,FA,17,13,81.42,196,196,12%,0,0,0,119,534,3.9,17,14.1,113,0,0,0,1
,No new player Notes Josh Reynolds Ten - WR Sun 1:00 pm vs Ari,,,FA,17,13,81.36,229,229,3%,0,0,0,0.9,5.6,0,68,43.2,536,1.9,0,0,0
,,,,,,,Fantasy,,Rank,Trends,Passing,,,Rushing,,,Receiving,,,,Ret,Misc,Fum
,Offense,,Forecast,Roster Status,GP*,Bye,Fan Pts ,O-Rank,Actual,% Rostered,Yds,TD,Int,Att*,Yds,TD,Tgt*,Rec,Yds,TD,TD,2PT,Lost
,No new player Notes Jakeem Grant Mia - WR Sun 4:25 pm @NE,,,FA,17,14,81.28,1847,1847,1%,0,0,0,4,23.9,0,68,43.8,504,1,1.2,0,0
,Player Note Nico Collins Hou - WR Sun 1:00 pm vs Jax ,,,FA,17,10,80.7,221,221,3%,0,0,0,0,0,0,68,40.8,517,2.9,0,0,0
,No new player Notes Chris Herndon NYJ - TE Sun 1:00 pm @Car,,,FA,17,6,80.45,280,280,2%,0,0,0,0,0,0,68,46,481,3.1,0,0,0
,Player Note Anthony Miller Hou - WR Q Sun 1:00 pm vs Jax ,,,FA,17,10,80.24,274,274,1%,0,0,0,0,0,0,68,37.7,505,3.6,0,0,0
,Player Note Marquez Callaway NO - WR Sun 4:25 pm vs GB ,,,FA,17,6,79.9,223,223,14%,0,0,0,0,0,0,66.3,43.4,513,2.3,0,0,0
,New Player Note Adam Trautman NO - TE Sun 4:25 pm vs GB ,,,FA,17,6,78.8,126,126,53%,0,0,0,0,0,0,56.7,42.4,458,3.9,0,0,0
,No new player Notes Kenneth Gainwell Phi - RB Sun 1:00 pm @Atl ,,,FA,17,14,77.07,236,236,7%,0,0,0,81,355,2.6,33,26.2,196,0.9,0,0,0.9
,Player Note Taysom Hill NO - QB Sun 4:25 pm vs GB ,,,FA,17,6,76.88,175,175,13%,378,3.2,1.1,85,448,4,0,0,0,0,0,0,0
,No new player Notes Damien Williams Chi - RB Sun 8:20 pm @LAR ,,,FA,17,10,76.49,334,334,8%,0,0,0,51,207,0.9,51,39.5,299,1.1,0,0,0
,No new player Notes La'Mical Perine NYJ - RB Sun 1:00 pm @Car,,,FA,17,6,76.13,288,288,2%,0,0,0,85,357,2,34,27.4,208,0,0,0,0
,No new player Notes Preston Williams Mia - WR PUP-P Sun 4:25 pm @NE,,,FA,17,14,75.93,251,251,2%,0,0,0,0,0,0,59.5,34.1,499,3,0,0,0
,Player Note Amari Rodgers GB - WR Sun 4:25 pm @NO ,,,FA,17,13,75.77,259,259,3%,0,0,0,0,0,0,52.7,35.5,467,3.8,0,0,0
,No new player Notes Alexander Mattison Min - RB Sun 1:00 pm @Cin,,,FA,17,7,75.27,119,119,39%,0,0,0,105,449,1,27.2,21.7,140,0.8,0,0,0
,No new player Notes Joshua Kelley LAC - RB Sun 1:00 pm @Was,,,FA,17,7,75.23,185,185,4%,0,0,0,102,410,2,34,27,146,0,0,0,0
,Player Note D'Wayne Eskridge Sea - WR PUP-P Sun 1:00 pm @Ind ,,,FA,17,9,75.13,2112,2112,2%,0,0,0,0,0,0,50.5,35.5,511,2.1,0,0,0
,No new player Notes Devin Duvernay Bal - WR Mon 8:15 pm @LV ,,,FA,17,8,74,2354,2354,1%,0,0,0,11.1,64.8,0,51,33.3,426,2.8,0,0,0
,No new player Notes David Njoku Cle - TE Q Sun 4:25 pm @KC,,,FA,17,13,73.26,1833,1833,2%,0,0,0,0,0,0,51,36.8,426,4.1,0,0,0
,No new player Notes Anthony McFarland Jr. Pit - RB Sun 1:00 pm @Buf,,,FA,17,7,73.15,239,239,2%,0,0,0,85,341,2.3,32.3,25.7,194,0,0,0,0
,No new player Notes Giovani Bernard TB - RB Thu 8:20 pm vs Dal,,,FA,17,9,72.78,157,157,11%,0,0,0,47.6,218,1.3,34,34.2,277,0.7,0,0,0
,No new player Notes John Ross III NYG - WR Q Sun 4:25 pm vs Den,,,FA,17,10,71.74,335,335,1%,0,0,0,0,0,0,68,36.9,533,0,0,0,0
,No new player Notes Mo Alie-Cox Ind - TE Q Sun 1:00 pm vs Sea ,,,FA,17,14,71.52,285,285,1%,0,0,0,0,0,0,51,36.5,469,2.1,0,0,0
,No new player Notes David Moore Car - WR Sun 1:00 pm vs NYJ,,,FA,17,13,70.46,1822,1822,1%,0,0,0,4.6,26.6,0,51,35.8,395,3.5,0,0,0
,Player Note Cameron Brate TB - TE Thu 8:20 pm vs Dal,,,FA,17,9,69.95,1818,1818,1%,0,0,0,0,0,0,51,40.7,426,2.3,0,0,0
,No new player Notes Miles Boykin Bal - WR Q Mon 8:15 pm @LV ,,,FA,17,8,69.46,342,342,0%,0,0,0,0,0,0,51,31.1,455,2.8,0,0,0
,No new player Notes Allen Lazard GB - WR Sun 4:25 pm @NO ,,,FA,17,13,69.17,244,244,6%,0,0,0,0,0,0,51,32.3,423,3.6,0,0,0
